-- MySQL dump 10.13  Distrib 8.0.27, for Win64 (x86_64)
--
-- Host: localhost    Database: baza
-- ------------------------------------------------------
-- Server version	8.0.27

/*!40101 SET @OLD_CHARACTER_SET_CLIENT=@@CHARACTER_SET_CLIENT */;
/*!40101 SET @OLD_CHARACTER_SET_RESULTS=@@CHARACTER_SET_RESULTS */;
/*!40101 SET @OLD_COLLATION_CONNECTION=@@COLLATION_CONNECTION */;
/*!50503 SET NAMES utf8mb4 */;
/*!40103 SET @OLD_TIME_ZONE=@@TIME_ZONE */;
/*!40103 SET TIME_ZONE='+00:00' */;
/*!40014 SET @OLD_UNIQUE_CHECKS=@@UNIQUE_CHECKS, UNIQUE_CHECKS=0 */;
/*!40014 SET @OLD_FOREIGN_KEY_CHECKS=@@FOREIGN_KEY_CHECKS, FOREIGN_KEY_CHECKS=0 */;
/*!40101 SET @OLD_SQL_MODE=@@SQL_MODE, SQL_MODE='NO_AUTO_VALUE_ON_ZERO' */;
/*!40111 SET @OLD_SQL_NOTES=@@SQL_NOTES, SQL_NOTES=0 */;

--
-- Current Database: `baza`
--

CREATE DATABASE /*!32312 IF NOT EXISTS*/ `baza` /*!40100 DEFAULT CHARACTER SET utf8mb4 COLLATE utf8mb4_0900_ai_ci */ /*!80016 DEFAULT ENCRYPTION='N' */;

USE `baza`;

--
-- Table structure for table `adres`
--

DROP TABLE IF EXISTS `adres`;
/*!40101 SET @saved_cs_client     = @@character_set_client */;
/*!50503 SET character_set_client = utf8mb4 */;
CREATE TABLE `adres` (
  `adres_ID` int NOT NULL AUTO_INCREMENT,
  `kod_pocztowy` int NOT NULL,
  `ulica` varchar(30) NOT NULL,
  `numer` int NOT NULL,
  PRIMARY KEY (`adres_ID`),
  UNIQUE KEY `adres_ID_UNIQUE` (`adres_ID`)
) ENGINE=InnoDB AUTO_INCREMENT=562 DEFAULT CHARSET=utf8mb4 COLLATE=utf8mb4_0900_ai_ci;
/*!40101 SET character_set_client = @saved_cs_client */;

--
-- Dumping data for table `adres`
--

LOCK TABLES `adres` WRITE;
/*!40000 ALTER TABLE `adres` DISABLE KEYS */;
INSERT INTO `adres` VALUES (1,50120,'Szkolna',12),(2,84959,'Ulica114',146),(3,84650,'Ulica50',64),(4,23749,'Ulica84',81),(5,73090,'Ulica27',141),(6,12307,'Ulica28',156),(7,18348,'Ulica110',125),(8,94186,'Ulica161',70),(9,35843,'Ulica108',229),(10,24910,'Ulica187',72),(11,69590,'Ulica87',83),(12,89235,'Ulica140',116),(13,94154,'Ulica162',289),(14,32017,'Ulica107',70),(15,85167,'Ulica186',222),(16,41050,'Ulica141',121),(17,25017,'Ulica66',16),(18,86949,'Ulica35',96),(19,23464,'Ulica173',39),(20,75006,'Ulica60',135),(21,32744,'Ulica122',71),(22,78794,'Ulica120',129),(23,54588,'Ulica95',239),(24,20340,'Ulica88',101),(25,74818,'Ulica197',15),(26,18338,'Ulica61',195),(27,74250,'Ulica181',298),(28,76930,'Ulica68',118),(29,20628,'Ulica145',56),(30,14388,'Ulica57',247),(31,10567,'Ulica177',88),(32,25587,'Ulica31',101),(33,75355,'Ulica88',36),(34,92869,'Ulica5',121),(35,41963,'Ulica4',8),(36,81470,'Ulica77',47),(37,13890,'Ulica114',242),(38,37898,'Ulica88',12),(39,49343,'Ulica27',232),(40,84521,'Ulica198',255),(41,86125,'Ulica75',105),(42,91888,'Ulica9',169),(43,96169,'Ulica62',233),(44,69731,'Ulica170',239),(45,54716,'Ulica177',1),(46,47285,'Ulica105',168),(47,40269,'Ulica116',112),(48,40999,'Ulica55',96),(49,99047,'Ulica85',48),(50,71625,'Ulica67',248),(51,45593,'Ulica27',89),(52,71588,'Ulica87',240),(53,15867,'Ulica34',121),(54,18869,'Ulica57',203),(55,27813,'Ulica196',180),(56,65969,'Ulica26',160),(57,66727,'Ulica187',115),(58,57428,'Ulica36',138),(59,66860,'Ulica131',58),(60,60277,'Ulica180',1),(61,92526,'Ulica182',177),(62,44167,'Ulica72',67),(63,37474,'Ulica100',184),(64,83596,'Ulica36',152),(65,14577,'Ulica47',239),(66,16122,'Ulica177',58),(67,30907,'Ulica130',31),(68,92829,'Ulica162',162),(69,68175,'Ulica183',1),(70,71005,'Ulica22',254),(71,57212,'Ulica106',167),(72,61584,'Ulica59',50),(73,66244,'Ulica59',83),(74,96773,'Ulica25',89),(75,37465,'Ulica197',242),(76,72740,'Ulica163',106),(77,31700,'Ulica24',54),(78,61594,'Ulica24',55),(79,96100,'Ulica19',76),(80,95222,'Ulica127',161),(81,40251,'Ulica51',133),(82,36082,'Ulica163',295),(83,55830,'Ulica11',274),(84,38005,'Ulica93',119),(85,95739,'Ulica150',248),(86,66211,'Ulica58',41),(87,71093,'Ulica167',19),(88,32523,'Ulica25',187),(89,90568,'Ulica126',135),(90,95199,'Ulica179',286),(91,13737,'Ulica45',44),(92,99646,'Ulica190',98),(93,59851,'Ulica186',210),(94,13823,'Ulica109',163),(95,21107,'Ulica193',12),(96,39356,'Ulica158',69),(97,86889,'Ulica190',278),(98,74171,'Ulica132',278),(99,68804,'Ulica119',159),(100,18220,'Ulica200',192),(101,33496,'Ulica77',255),(102,47448,'Ulica81',287),(103,46350,'Ulica181',89),(104,44328,'Ulica36',136),(105,94214,'Ulica165',176),(106,33561,'Ulica61',220),(107,38451,'Ulica94',14),(108,79120,'Ulica36',99),(109,75294,'Ulica75',145),(110,15865,'Ulica162',286),(111,44239,'Ulica89',218),(112,97938,'Ulica186',54),(113,12208,'Ulica6',68),(114,67437,'Ulica183',161),(115,43515,'Ulica48',132),(116,12430,'Ulica137',272),(117,26739,'Ulica186',129),(118,78655,'Ulica102',26),(119,98104,'Ulica46',4),(120,75869,'Ulica162',14),(121,90498,'Ulica26',227),(122,73933,'Ulica195',12),(123,57293,'Ulica128',266),(124,42745,'Ulica157',196),(125,20392,'Ulica96',75),(126,65786,'Ulica180',270),(127,17223,'Ulica141',148),(128,56287,'Ulica89',194),(129,32065,'Ulica97',12),(130,74531,'Ulica200',252),(131,33491,'Ulica184',95),(132,14808,'Ulica154',144),(133,44087,'Ulica129',44),(134,13065,'Ulica125',245),(135,29874,'Ulica26',219),(136,64671,'Ulica44',102),(137,21854,'Ulica174',83),(138,56550,'Ulica42',48),(139,36801,'Ulica126',26),(140,19701,'Ulica9',196),(141,34949,'Ulica183',22),(142,93489,'Ulica157',271),(143,89450,'Ulica157',144),(144,70872,'Ulica68',205),(145,59377,'Ulica28',64),(146,12773,'Ulica42',41),(147,11460,'Ulica104',153),(148,30905,'Ulica120',272),(149,73104,'Ulica113',86),(150,32871,'Ulica154',176),(151,95499,'Ulica52',238),(152,26932,'Ulica74',52),(153,39327,'Ulica188',184),(154,98157,'Ulica171',204),(155,26532,'Ulica184',294),(156,41778,'Ulica110',235),(157,92848,'Ulica93',12),(158,28594,'Ulica153',296),(159,32233,'Ulica186',13),(160,50754,'Ulica25',105),(161,72276,'Ulica93',1),(162,19006,'Ulica177',281),(163,67540,'Ulica41',60),(164,46286,'Ulica124',235),(165,86201,'Ulica142',248),(166,39803,'Ulica71',258),(167,50035,'Ulica148',85),(168,41489,'Ulica17',127),(169,33608,'Ulica50',97),(170,97882,'Ulica163',194),(171,87216,'Ulica136',257),(172,88510,'Ulica173',224),(173,88246,'Ulica144',266),(174,94557,'Ulica132',185),(175,85906,'Ulica48',140),(176,65091,'Ulica81',152),(177,40364,'Ulica40',142),(178,45398,'Ulica17',263),(179,46092,'Ulica45',260),(180,18036,'Ulica181',274),(181,97149,'Ulica55',100),(182,96917,'Ulica136',246),(183,74121,'Ulica77',86),(184,41387,'Ulica139',22),(185,66717,'Ulica166',205),(186,62552,'Ulica69',109),(187,80378,'Ulica24',250),(188,89909,'Ulica116',119),(189,38224,'Ulica76',24),(190,79028,'Ulica1',148),(191,75205,'Ulica151',51),(192,24480,'Ulica58',267),(193,48958,'Ulica116',270),(194,24456,'Ulica13',276),(195,77795,'Ulica134',152),(196,14376,'Ulica91',214),(197,81881,'Ulica153',139),(198,81113,'Ulica49',84),(199,82077,'Ulica8',226),(200,74265,'Ulica118',106),(201,29472,'Ulica157',97),(202,24784,'Ulica61',225),(203,15723,'Ulica138',2),(204,15062,'Ulica4',208),(205,86524,'Ulica113',163),(206,92120,'Ulica11',68),(207,14914,'Ulica128',162),(208,49552,'Ulica61',227),(209,91981,'Ulica174',173),(210,20701,'Ulica152',120),(211,34833,'Ulica4',109),(212,55673,'Ulica12',174),(213,95032,'Ulica65',78),(214,62134,'Ulica189',296),(215,61679,'Ulica182',40),(216,14319,'Ulica145',256),(217,27174,'Ulica101',175),(218,16796,'Ulica110',235),(219,24795,'Ulica198',200),(220,57630,'Ulica27',57),(221,35060,'Ulica114',236),(222,16155,'Ulica47',292),(223,92088,'Ulica157',30),(224,35590,'Ulica168',283),(225,53211,'Ulica171',226),(226,59422,'Ulica21',130),(227,33372,'Ulica34',153),(228,10260,'Ulica98',262),(229,88548,'Ulica70',149),(230,59408,'Ulica89',92),(231,15805,'Ulica137',175),(232,13364,'Ulica30',214),(233,29907,'Ulica35',139),(234,51189,'Ulica60',15),(235,92272,'Ulica158',123),(236,31179,'Ulica82',295),(237,14388,'Ulica15',253),(238,78639,'Ulica7',24),(239,53959,'Ulica16',232),(240,53706,'Ulica59',208),(241,45934,'Ulica50',193),(242,76517,'Ulica90',248),(243,44541,'Ulica121',288),(244,12630,'Ulica34',201),(245,94699,'Ulica195',182),(246,20646,'Ulica62',174),(247,82344,'Ulica170',267),(248,71788,'Ulica186',89),(249,54280,'Ulica165',185),(250,50196,'Ulica138',292),(251,70931,'Ulica4',231),(252,97209,'Ulica160',180),(253,99640,'Ulica35',73),(254,11957,'Ulica150',151),(255,25181,'Ulica81',285),(256,11040,'Ulica71',127),(257,51432,'Ulica70',258),(258,17051,'Ulica112',150),(259,92747,'Ulica122',221),(260,15164,'Ulica109',106),(261,32566,'Ulica175',58),(262,39979,'Ulica113',59),(263,53166,'Ulica179',120),(264,67245,'Ulica126',28),(265,91211,'Ulica184',180),(266,36227,'Ulica27',244),(267,69786,'Ulica185',263),(268,89559,'Ulica36',289),(269,82330,'Ulica29',78),(270,19854,'Ulica154',220),(271,61836,'Ulica4',104),(272,46942,'Ulica89',205),(273,44428,'Ulica31',207),(274,80266,'Ulica92',210),(275,64493,'Ulica88',201),(276,98741,'Ulica186',257),(277,80434,'Ulica160',299),(278,67601,'Ulica22',68),(279,87808,'Ulica197',280),(280,18989,'Ulica33',267),(281,79311,'Ulica50',115),(282,52428,'Ulica52',101),(283,21389,'Ulica151',279),(284,76355,'Ulica102',272),(285,30039,'Ulica50',5),(286,83996,'Ulica68',85),(287,50241,'Ulica24',124),(288,71193,'Ulica178',101),(289,98127,'Ulica18',140),(290,93067,'Ulica8',202),(291,49052,'Ulica42',118),(292,16286,'Ulica137',147),(293,78490,'Ulica171',293),(294,65224,'Ulica167',47),(295,59085,'Ulica82',96),(296,95489,'Ulica146',112),(297,79238,'Ulica121',179),(298,66280,'Ulica103',177),(299,76916,'Ulica159',203),(300,44184,'Ulica198',278),(301,43225,'Ulica63',137),(302,88976,'Ulica162',194),(303,13031,'Ulica86',92),(304,38145,'Ulica36',1),(305,97730,'Ulica118',245),(306,46528,'Ulica54',115),(307,41875,'Ulica176',249),(308,24824,'Ulica156',187),(309,41636,'Ulica176',107),(310,65808,'Ulica170',281),(311,33890,'Ulica63',112),(312,79377,'Ulica188',26),(313,52408,'Ulica2',206),(314,56872,'Ulica188',252),(315,76090,'Ulica193',115),(316,91513,'Ulica165',55),(317,99506,'Ulica185',230),(318,85828,'Ulica62',228),(319,15140,'Ulica145',82),(320,36654,'Ulica62',51),(321,52592,'Ulica83',100),(322,32409,'Ulica146',171),(323,67485,'Ulica175',282),(324,19001,'Ulica84',2),(325,70843,'Ulica196',74),(326,35941,'Ulica74',250),(327,45922,'Ulica84',148),(328,74062,'Ulica65',64),(329,59679,'Ulica157',265),(330,99323,'Ulica149',5),(331,68059,'Ulica57',222),(332,63594,'Ulica79',104),(333,45426,'Ulica17',128),(334,55232,'Ulica29',156),(335,78160,'Ulica20',79),(336,74576,'Ulica94',198),(337,24312,'Ulica47',185),(338,17933,'Ulica118',251),(339,10209,'Ulica94',226),(340,88249,'Ulica146',244),(341,57900,'Ulica15',179),(342,19562,'Ulica168',81),(343,86664,'Ulica35',226),(344,35407,'Ulica185',20),(345,87139,'Ulica186',215),(346,29035,'Ulica53',24),(347,89730,'Ulica191',220),(348,28094,'Ulica88',157),(349,89378,'Ulica193',165),(350,46482,'Ulica62',85),(351,66996,'Ulica50',54),(352,19727,'Ulica118',181),(353,89912,'Ulica113',198),(354,42649,'Ulica127',148),(355,43649,'Ulica136',81),(356,84009,'Ulica145',84),(357,50605,'Ulica9',96),(358,44881,'Ulica51',112),(359,79472,'Ulica152',69),(360,86206,'Ulica101',207),(361,97793,'Ulica81',262),(362,53492,'Ulica73',93),(363,10834,'Ulica79',259),(364,94886,'Ulica99',34),(365,96873,'Ulica120',90),(366,75740,'Ulica77',2),(367,50521,'Ulica32',35),(368,30146,'Ulica126',248),(369,96764,'Ulica73',178),(370,22198,'Ulica35',11),(371,13021,'Ulica82',299),(372,98825,'Ulica137',298),(373,32900,'Ulica42',62),(374,64735,'Ulica46',15),(375,13089,'Ulica85',144),(376,58272,'Ulica158',99),(377,53175,'Ulica113',148),(378,51361,'Ulica103',56),(379,11259,'Ulica131',183),(380,36848,'Ulica184',3),(381,53437,'Ulica157',233),(382,44498,'Ulica169',20),(383,62250,'Ulica16',230),(384,48754,'Ulica200',218),(385,79411,'Ulica166',73),(386,75714,'Ulica184',122),(387,24392,'Ulica14',290),(388,70918,'Ulica190',33),(389,26469,'Ulica177',47),(390,57015,'Ulica49',299),(391,67287,'Ulica79',68),(392,33022,'Ulica174',36),(393,70370,'Ulica139',250),(394,17934,'Ulica45',43),(395,26144,'Ulica159',107),(396,76253,'Ulica90',91),(397,20498,'Ulica152',84),(398,81560,'Ulica22',261),(399,11247,'Ulica30',197),(400,43988,'Ulica31',231),(401,87258,'Ulica72',152),(402,49095,'Ulica20',218),(403,16963,'Ulica16',35),(404,86882,'Ulica15',188),(405,95879,'Ulica78',272),(406,95532,'Ulica57',33),(407,89994,'Ulica65',151),(408,12590,'Ulica158',238),(409,69872,'Ulica141',57),(410,56806,'Ulica183',106),(411,58209,'Ulica184',201),(412,46220,'Ulica194',253),(413,66398,'Ulica193',299),(414,89745,'Ulica51',53),(415,44482,'Ulica190',157),(416,57841,'Ulica106',30),(417,57071,'Ulica166',194),(418,18481,'Ulica98',195),(419,61439,'Ulica43',36),(420,51516,'Ulica143',188),(421,64431,'Ulica169',139),(422,29281,'Ulica58',123),(423,18259,'Ulica166',178),(424,65593,'Ulica185',103),(425,90687,'Ulica8',72),(426,38485,'Ulica84',9),(427,78833,'Ulica111',212),(428,47469,'Ulica169',277),(429,72199,'Ulica87',198),(430,77024,'Ulica52',12),(431,71228,'Ulica19',68),(432,37248,'Ulica52',235),(433,24030,'Ulica65',228),(434,83899,'Ulica82',210),(435,44942,'Ulica100',137),(436,45971,'Ulica47',155),(437,91282,'Ulica160',265),(438,10875,'Ulica155',23),(439,77901,'Ulica58',155),(440,95366,'Ulica47',77),(441,34731,'Ulica2',99),(442,24774,'Ulica120',259),(443,94160,'Ulica42',260),(444,94766,'Ulica40',42),(445,27473,'Ulica33',164),(446,12842,'Ulica168',181),(447,76872,'Ulica169',204),(448,88425,'Ulica62',5),(449,72246,'Ulica198',199),(450,29777,'Ulica185',85),(451,57186,'Ulica165',170),(452,77638,'Ulica65',77),(453,98454,'Ulica51',103),(454,68397,'Ulica17',201),(455,15729,'Ulica177',275),(456,70253,'Ulica193',37),(457,78898,'Ulica163',48),(458,99940,'Ulica170',264),(459,29009,'Ulica122',185),(460,37823,'Ulica98',180),(461,23812,'Ulica63',7),(462,66689,'Ulica123',235),(463,87614,'Ulica91',181),(464,84515,'Ulica42',256),(465,27860,'Ulica175',17),(466,79919,'Ulica84',78),(467,40460,'Ulica58',255),(468,95573,'Ulica198',62),(469,77649,'Ulica66',116),(470,67866,'Ulica9',156),(471,35880,'Ulica85',47),(472,13589,'Ulica75',276),(473,42994,'Ulica155',53),(474,57884,'Ulica47',163),(475,51972,'Ulica93',161),(476,82864,'Ulica96',23),(477,89524,'Ulica153',81),(478,94089,'Ulica76',147),(479,93624,'Ulica93',250),(480,60790,'Ulica113',56),(481,33686,'Ulica74',31),(482,15327,'Ulica32',77),(483,70525,'Ulica158',222),(484,97792,'Ulica191',86),(485,33671,'Ulica52',237),(486,83334,'Ulica113',80),(487,47612,'Ulica11',198),(488,83141,'Ulica4',28),(489,99145,'Ulica57',295),(490,93112,'Ulica68',128),(491,65355,'Ulica92',110),(492,26849,'Ulica131',202),(493,79686,'Ulica77',264),(494,48197,'Ulica175',75),(495,28288,'Ulica50',12),(496,10665,'Ulica133',295),(497,83048,'Ulica46',3),(498,12286,'Ulica115',214),(499,61287,'Ulica182',252),(500,88758,'Ulica63',74),(501,46894,'Ulica57',198),(502,80660,'Ulica23',292),(503,40614,'Ulica110',300),(504,72053,'Ulica143',215),(505,22963,'Ulica140',216),(506,99141,'Ulica151',230),(507,22600,'Ulica53',173),(508,79696,'Ulica37',52),(509,75776,'Ulica44',229),(510,30218,'Ulica107',287),(511,24815,'Ulica53',100),(512,41860,'Ulica127',185),(513,86425,'Ulica5',250),(514,43991,'Ulica187',83),(515,43803,'Ulica92',283),(516,88743,'Ulica22',229),(517,13645,'Ulica168',83),(518,55960,'Ulica96',180),(519,50784,'Ulica65',287),(520,85708,'Ulica156',30),(521,61886,'Ulica109',108),(522,68413,'Ulica30',101),(523,88525,'Ulica10',103),(524,78318,'Ulica136',297),(525,53688,'Ulica45',177),(526,20426,'Ulica45',103),(527,61567,'Ulica51',236),(528,69806,'Ulica64',147),(529,42006,'Ulica3',166),(530,34709,'Ulica118',249),(531,53372,'Ulica165',88),(532,97906,'Ulica22',219),(533,50392,'Ulica192',291),(534,57285,'Ulica169',144),(535,27876,'Ulica120',181),(536,58387,'Ulica46',230),(537,12345,'Poziomkowa',12),(538,12554,'Grzybowa',7),(540,12554,'Grzybowa',7),(541,12345,'Ulica',5),(542,32154,'Ulica',7),(544,11021,'Ulica',15),(545,25896,'Ulica',5),(546,65895,'Klawa',9),(548,65897,'Klawa',9),(552,0,'Ulica',99),(556,12345,'Ulica',76),(557,23456,'Ulica',9),(558,25685,'Ulica',7),(559,12543,'Ulica',9),(561,50120,'Poziomkowa',12);
/*!40000 ALTER TABLE `adres` ENABLE KEYS */;
UNLOCK TABLES;

--
-- Table structure for table `dane_osobowe`
--

DROP TABLE IF EXISTS `dane_osobowe`;
/*!40101 SET @saved_cs_client     = @@character_set_client */;
/*!50503 SET character_set_client = utf8mb4 */;
CREATE TABLE `dane_osobowe` (
  `dane_osobowe_ID` int NOT NULL AUTO_INCREMENT,
  `Imie` varchar(30) NOT NULL,
  `Nazwisko` varchar(30) NOT NULL,
  `nr_telefonu` int NOT NULL,
  `mail` varchar(40) NOT NULL,
  `adres_id` int NOT NULL,
  PRIMARY KEY (`dane_osobowe_ID`),
  UNIQUE KEY `nr_telefonu` (`nr_telefonu`),
  UNIQUE KEY `mail` (`mail`),
  UNIQUE KEY `dane_osobowe_ID_UNIQUE` (`dane_osobowe_ID`),
  KEY `FKDane osobo145922` (`adres_id`),
  CONSTRAINT `FKDane osobo145922` FOREIGN KEY (`adres_id`) REFERENCES `adres` (`adres_ID`) ON DELETE RESTRICT ON UPDATE RESTRICT
) ENGINE=InnoDB AUTO_INCREMENT=556 DEFAULT CHARSET=utf8mb4 COLLATE=utf8mb4_0900_ai_ci;
/*!40101 SET character_set_client = @saved_cs_client */;

--
-- Dumping data for table `dane_osobowe`
--

LOCK TABLES `dane_osobowe` WRITE;
/*!40000 ALTER TABLE `dane_osobowe` DISABLE KEYS */;
INSERT INTO `dane_osobowe` VALUES (1,'Imie1','Nazwisko1',321454232,'Imie1Nazwisko1@gmail.com',1),(2,'Imie2','Nazwisko2',685179054,'Imie2Nazwisko2@gmail.com',2),(3,'Imie3','Nazwisko3',815919716,'Imie3Nazwisko3@gmail.com',3),(4,'Imie4','Nazwisko4',903723656,'Imie4Nazwisko4@gmail.com',4),(5,'Imie5','Nazwisko5',541904307,'Imie5Nazwisko5@gmail.com',5),(6,'Imie6','Nazwisko6',379809475,'Imie6Nazwisko6@gmail.com',6),(7,'Imie7','Nazwisko7',380887014,'Imie7Nazwisko7@gmail.com',7),(8,'Imie8','Nazwisko8',503278005,'Imie8Nazwisko8@gmail.com',8),(9,'Imie9','Nazwisko9',240966275,'Imie9Nazwisko9@gmail.com',9),(10,'Imie10','Nazwisko10',679459227,'Imie10Nazwisko10@gmail.com',10),(11,'Imie11','Nazwisko11',488567613,'Imie11Nazwisko11@gmail.com',11),(12,'Imie12','Nazwisko12',580477834,'Imie12Nazwisko12@gmail.com',12),(13,'Imie13','Nazwisko13',680192136,'Imie13Nazwisko13@gmail.com',13),(14,'Imie14','Nazwisko14',283430319,'Imie14Nazwisko14@gmail.com',14),(15,'Imie15','Nazwisko15',984606064,'Imie15Nazwisko15@gmail.com',15),(16,'Imie16','Nazwisko16',912074817,'Imie16Nazwisko16@gmail.com',16),(17,'Imie17','Nazwisko17',924463379,'Imie17Nazwisko17@gmail.com',17),(18,'Imie18','Nazwisko18',174535868,'Imie18Nazwisko18@gmail.com',18),(19,'Imie19','Nazwisko19',683915072,'Imie19Nazwisko19@gmail.com',19),(20,'Imie20','Nazwisko20',325117376,'Imie20Nazwisko20@gmail.com',20),(21,'Imie21','Nazwisko21',515557416,'Imie21Nazwisko21@gmail.com',21),(22,'Imie22','Nazwisko22',609332810,'Imie22Nazwisko22@gmail.com',22),(23,'Imie23','Nazwisko23',596773514,'Imie23Nazwisko23@gmail.com',23),(24,'Imie24','Nazwisko24',318022492,'Imie24Nazwisko24@gmail.com',24),(25,'Imie25','Nazwisko25',418802332,'Imie25Nazwisko25@gmail.com',25),(26,'Imie26','Nazwisko26',170386291,'Imie26Nazwisko26@gmail.com',26),(27,'Imie27','Nazwisko27',984308572,'Imie27Nazwisko27@gmail.com',27),(28,'Imie28','Nazwisko28',437993284,'Imie28Nazwisko28@gmail.com',28),(29,'Imie29','Nazwisko29',563250338,'Imie29Nazwisko29@gmail.com',29),(30,'Imie30','Nazwisko30',936341595,'Imie30Nazwisko30@gmail.com',30),(31,'Imie31','Nazwisko31',118384986,'Imie31Nazwisko31@gmail.com',31),(32,'Imie32','Nazwisko32',939766312,'Imie32Nazwisko32@gmail.com',32),(33,'Imie33','Nazwisko33',230442877,'Imie33Nazwisko33@gmail.com',33),(34,'Imie34','Nazwisko34',519229791,'Imie34Nazwisko34@gmail.com',34),(35,'Imie35','Nazwisko35',418345891,'Imie35Nazwisko35@gmail.com',35),(36,'Imie36','Nazwisko36',121445530,'Imie36Nazwisko36@gmail.com',36),(37,'Imie37','Nazwisko37',475038963,'Imie37Nazwisko37@gmail.com',37),(38,'Imie38','Nazwisko38',981208509,'Imie38Nazwisko38@gmail.com',38),(39,'Imie39','Nazwisko39',546988165,'Imie39Nazwisko39@gmail.com',39),(40,'Imie40','Nazwisko40',123029070,'Imie40Nazwisko40@gmail.com',40),(41,'Imie41','Nazwisko41',739258662,'Imie41Nazwisko41@gmail.com',41),(42,'Imie42','Nazwisko42',820304302,'Imie42Nazwisko42@gmail.com',42),(43,'Imie43','Nazwisko43',396644446,'Imie43Nazwisko43@gmail.com',43),(44,'Imie44','Nazwisko44',580602190,'Imie44Nazwisko44@gmail.com',44),(45,'Imie45','Nazwisko45',724268702,'Imie45Nazwisko45@gmail.com',45),(46,'Imie46','Nazwisko46',207300507,'Imie46Nazwisko46@gmail.com',46),(47,'Imie47','Nazwisko47',512197650,'Imie47Nazwisko47@gmail.com',47),(48,'Imie48','Nazwisko48',265798702,'Imie48Nazwisko48@gmail.com',48),(49,'Imie49','Nazwisko49',127556518,'Imie49Nazwisko49@gmail.com',49),(50,'Imie50','Nazwisko50',870890892,'Imie50Nazwisko50@gmail.com',50),(51,'Imie51','Nazwisko51',965758832,'Imie51Nazwisko51@gmail.com',51),(52,'Imie52','Nazwisko52',963388699,'Imie52Nazwisko52@gmail.com',52),(53,'Imie53','Nazwisko53',472685388,'Imie53Nazwisko53@gmail.com',53),(54,'Imie54','Nazwisko54',103448134,'Imie54Nazwisko54@gmail.com',54),(55,'Imie55','Nazwisko55',228772013,'Imie55Nazwisko55@gmail.com',55),(56,'Imie56','Nazwisko56',188796343,'Imie56Nazwisko56@gmail.com',56),(57,'Imie57','Nazwisko57',602345965,'Imie57Nazwisko57@gmail.com',57),(58,'Imie58','Nazwisko58',163327550,'Imie58Nazwisko58@gmail.com',58),(59,'Imie59','Nazwisko59',666684631,'Imie59Nazwisko59@gmail.com',59),(60,'Imie60','Nazwisko60',885870677,'Imie60Nazwisko60@gmail.com',60),(61,'Imie61','Nazwisko61',335769692,'Imie61Nazwisko61@gmail.com',61),(62,'Imie62','Nazwisko62',728733669,'Imie62Nazwisko62@gmail.com',62),(63,'Imie63','Nazwisko63',759343706,'Imie63Nazwisko63@gmail.com',63),(64,'Imie64','Nazwisko64',867376410,'Imie64Nazwisko64@gmail.com',64),(65,'Imie65','Nazwisko65',251092932,'Imie65Nazwisko65@gmail.com',65),(66,'Imie66','Nazwisko66',264620076,'Imie66Nazwisko66@gmail.com',66),(67,'Imie67','Nazwisko67',835006657,'Imie67Nazwisko67@gmail.com',67),(68,'Imie68','Nazwisko68',383218645,'Imie68Nazwisko68@gmail.com',68),(69,'Imie69','Nazwisko69',569862452,'Imie69Nazwisko69@gmail.com',69),(70,'Imie70','Nazwisko70',332118362,'Imie70Nazwisko70@gmail.com',70),(71,'Imie71','Nazwisko71',554048271,'Imie71Nazwisko71@gmail.com',71),(72,'Imie72','Nazwisko72',170412158,'Imie72Nazwisko72@gmail.com',72),(73,'Imie73','Nazwisko73',889333992,'Imie73Nazwisko73@gmail.com',73),(74,'Imie74','Nazwisko74',990550700,'Imie74Nazwisko74@gmail.com',74),(75,'Imie75','Nazwisko75',168265685,'Imie75Nazwisko75@gmail.com',75),(76,'Imie76','Nazwisko76',732490349,'Imie76Nazwisko76@gmail.com',76),(77,'Imie77','Nazwisko77',323179436,'Imie77Nazwisko77@gmail.com',77),(78,'Imie78','Nazwisko78',628888172,'Imie78Nazwisko78@gmail.com',78),(79,'Imie79','Nazwisko79',556330153,'Imie79Nazwisko79@gmail.com',79),(80,'Imie80','Nazwisko80',822848291,'Imie80Nazwisko80@gmail.com',80),(81,'Imie81','Nazwisko81',407086986,'Imie81Nazwisko81@gmail.com',81),(82,'Imie82','Nazwisko82',966631676,'Imie82Nazwisko82@gmail.com',82),(83,'Imie83','Nazwisko83',973224577,'Imie83Nazwisko83@gmail.com',83),(84,'Imie84','Nazwisko84',947557109,'Imie84Nazwisko84@gmail.com',84),(85,'Imie85','Nazwisko85',223982667,'Imie85Nazwisko85@gmail.com',85),(86,'Imie86','Nazwisko86',965155961,'Imie86Nazwisko86@gmail.com',86),(87,'Imie87','Nazwisko87',394772200,'Imie87Nazwisko87@gmail.com',87),(88,'Imie88','Nazwisko88',233794787,'Imie88Nazwisko88@gmail.com',88),(89,'Imie89','Nazwisko89',204270214,'Imie89Nazwisko89@gmail.com',89),(90,'Imie90','Nazwisko90',308809892,'Imie90Nazwisko90@gmail.com',90),(91,'Imie91','Nazwisko91',843494467,'Imie91Nazwisko91@gmail.com',91),(92,'Imie92','Nazwisko92',690178226,'Imie92Nazwisko92@gmail.com',92),(93,'Imie93','Nazwisko93',869541818,'Imie93Nazwisko93@gmail.com',93),(94,'Imie94','Nazwisko94',328012590,'Imie94Nazwisko94@gmail.com',94),(95,'Imie95','Nazwisko95',763859880,'Imie95Nazwisko95@gmail.com',95),(96,'Imie96','Nazwisko96',529106302,'Imie96Nazwisko96@gmail.com',96),(97,'Imie97','Nazwisko97',149762524,'Imie97Nazwisko97@gmail.com',97),(98,'Imie98','Nazwisko98',472432133,'Imie98Nazwisko98@gmail.com',98),(99,'Imie99','Nazwisko99',538868964,'Imie99Nazwisko99@gmail.com',99),(100,'Imie100','Nazwisko100',185629135,'Imie100Nazwisko100@gmail.com',100),(101,'Imie101','Nazwisko101',640840127,'Imie101Nazwisko101@gmail.com',101),(102,'Imie102','Nazwisko102',264510079,'Imie102Nazwisko102@gmail.com',102),(103,'Imie103','Nazwisko103',843828617,'Imie103Nazwisko103@gmail.com',103),(104,'Imie104','Nazwisko104',891595372,'Imie104Nazwisko104@gmail.com',104),(105,'Imie105','Nazwisko105',111389556,'Imie105Nazwisko105@gmail.com',105),(106,'Imie106','Nazwisko106',770420835,'Imie106Nazwisko106@gmail.com',106),(107,'Imie107','Nazwisko107',368205297,'Imie107Nazwisko107@gmail.com',107),(108,'Imie108','Nazwisko108',946988991,'Imie108Nazwisko108@gmail.com',108),(109,'Imie109','Nazwisko109',949320718,'Imie109Nazwisko109@gmail.com',109),(110,'Imie110','Nazwisko110',351050094,'Imie110Nazwisko110@gmail.com',110),(111,'Imie111','Nazwisko111',495421502,'Imie111Nazwisko111@gmail.com',111),(112,'Imie112','Nazwisko112',715030360,'Imie112Nazwisko112@gmail.com',112),(113,'Imie113','Nazwisko113',974352368,'Imie113Nazwisko113@gmail.com',113),(114,'Imie114','Nazwisko114',374968310,'Imie114Nazwisko114@gmail.com',114),(115,'Imie115','Nazwisko115',171489381,'Imie115Nazwisko115@gmail.com',115),(116,'Imie116','Nazwisko116',106120146,'Imie116Nazwisko116@gmail.com',116),(117,'Imie117','Nazwisko117',107734868,'Imie117Nazwisko117@gmail.com',117),(118,'Imie118','Nazwisko118',952392241,'Imie118Nazwisko118@gmail.com',118),(119,'Imie119','Nazwisko119',187273297,'Imie119Nazwisko119@gmail.com',119),(120,'Imie120','Nazwisko120',405515505,'Imie120Nazwisko120@gmail.com',120),(121,'Imie121','Nazwisko121',397415310,'Imie121Nazwisko121@gmail.com',121),(122,'Imie122','Nazwisko122',692199599,'Imie122Nazwisko122@gmail.com',122),(123,'Imie123','Nazwisko123',505583589,'Imie123Nazwisko123@gmail.com',123),(124,'Imie124','Nazwisko124',890643748,'Imie124Nazwisko124@gmail.com',124),(125,'Imie125','Nazwisko125',583200552,'Imie125Nazwisko125@gmail.com',125),(126,'Imie126','Nazwisko126',535100276,'Imie126Nazwisko126@gmail.com',126),(127,'Imie127','Nazwisko127',959739767,'Imie127Nazwisko127@gmail.com',127),(128,'Imie128','Nazwisko128',544779412,'Imie128Nazwisko128@gmail.com',128),(129,'Imie129','Nazwisko129',365303955,'Imie129Nazwisko129@gmail.com',129),(130,'Imie130','Nazwisko130',427140033,'Imie130Nazwisko130@gmail.com',130),(131,'Imie131','Nazwisko131',572298480,'Imie131Nazwisko131@gmail.com',131),(132,'Imie132','Nazwisko132',856112751,'Imie132Nazwisko132@gmail.com',132),(133,'Imie133','Nazwisko133',232565571,'Imie133Nazwisko133@gmail.com',133),(134,'Imie134','Nazwisko134',168879090,'Imie134Nazwisko134@gmail.com',134),(135,'Imie135','Nazwisko135',103845510,'Imie135Nazwisko135@gmail.com',135),(136,'Imie136','Nazwisko136',143273355,'Imie136Nazwisko136@gmail.com',136),(137,'Imie137','Nazwisko137',626780640,'Imie137Nazwisko137@gmail.com',137),(138,'Imie138','Nazwisko138',259061201,'Imie138Nazwisko138@gmail.com',138),(139,'Imie139','Nazwisko139',867414202,'Imie139Nazwisko139@gmail.com',139),(140,'Imie140','Nazwisko140',435526470,'Imie140Nazwisko140@gmail.com',140),(141,'Imie141','Nazwisko141',441625811,'Imie141Nazwisko141@gmail.com',141),(142,'Imie142','Nazwisko142',124699251,'Imie142Nazwisko142@gmail.com',142),(143,'Imie143','Nazwisko143',887507471,'Imie143Nazwisko143@gmail.com',143),(144,'Imie144','Nazwisko144',317968429,'Imie144Nazwisko144@gmail.com',144),(145,'Imie145','Nazwisko145',880693948,'Imie145Nazwisko145@gmail.com',145),(146,'Imie146','Nazwisko146',723072044,'Imie146Nazwisko146@gmail.com',146),(147,'Imie147','Nazwisko147',529640231,'Imie147Nazwisko147@gmail.com',147),(148,'Imie148','Nazwisko148',519367437,'Imie148Nazwisko148@gmail.com',148),(149,'Imie149','Nazwisko149',703164323,'Imie149Nazwisko149@gmail.com',149),(150,'Imie150','Nazwisko150',873034874,'Imie150Nazwisko150@gmail.com',150),(151,'Imie151','Nazwisko151',504779862,'Imie151Nazwisko151@gmail.com',151),(152,'Imie152','Nazwisko152',769682284,'Imie152Nazwisko152@gmail.com',152),(153,'Imie153','Nazwisko153',393420783,'Imie153Nazwisko153@gmail.com',153),(154,'Imie154','Nazwisko154',274650100,'Imie154Nazwisko154@gmail.com',154),(155,'Imie155','Nazwisko155',923305940,'Imie155Nazwisko155@gmail.com',155),(156,'Imie156','Nazwisko156',713795372,'Imie156Nazwisko156@gmail.com',156),(157,'Imie157','Nazwisko157',404316836,'Imie157Nazwisko157@gmail.com',157),(158,'Imie158','Nazwisko158',530767947,'Imie158Nazwisko158@gmail.com',158),(159,'Imie159','Nazwisko159',543524212,'Imie159Nazwisko159@gmail.com',159),(160,'Imie160','Nazwisko160',227333989,'Imie160Nazwisko160@gmail.com',160),(161,'Imie161','Nazwisko161',263624413,'Imie161Nazwisko161@gmail.com',161),(162,'Imie162','Nazwisko162',834086052,'Imie162Nazwisko162@gmail.com',162),(163,'Imie163','Nazwisko163',278185431,'Imie163Nazwisko163@gmail.com',163),(164,'Imie164','Nazwisko164',450062030,'Imie164Nazwisko164@gmail.com',164),(165,'Imie165','Nazwisko165',237313239,'Imie165Nazwisko165@gmail.com',165),(166,'Imie166','Nazwisko166',193987922,'Imie166Nazwisko166@gmail.com',166),(167,'Imie167','Nazwisko167',627499489,'Imie167Nazwisko167@gmail.com',167),(168,'Imie168','Nazwisko168',350936477,'Imie168Nazwisko168@gmail.com',168),(169,'Imie169','Nazwisko169',661724293,'Imie169Nazwisko169@gmail.com',169),(170,'Imie170','Nazwisko170',176093025,'Imie170Nazwisko170@gmail.com',170),(171,'Imie171','Nazwisko171',311213268,'Imie171Nazwisko171@gmail.com',171),(172,'Imie172','Nazwisko172',466355745,'Imie172Nazwisko172@gmail.com',172),(173,'Imie173','Nazwisko173',535155903,'Imie173Nazwisko173@gmail.com',173),(174,'Imie174','Nazwisko174',731573620,'Imie174Nazwisko174@gmail.com',174),(175,'Imie175','Nazwisko175',337928712,'Imie175Nazwisko175@gmail.com',175),(176,'Imie176','Nazwisko176',857181450,'Imie176Nazwisko176@gmail.com',176),(177,'Imie177','Nazwisko177',592423385,'Imie177Nazwisko177@gmail.com',177),(178,'Imie178','Nazwisko178',441036936,'Imie178Nazwisko178@gmail.com',178),(179,'Imie179','Nazwisko179',682281327,'Imie179Nazwisko179@gmail.com',179),(180,'Imie180','Nazwisko180',747581948,'Imie180Nazwisko180@gmail.com',180),(181,'Imie181','Nazwisko181',269912887,'Imie181Nazwisko181@gmail.com',181),(182,'Imie182','Nazwisko182',396213599,'Imie182Nazwisko182@gmail.com',182),(183,'Imie183','Nazwisko183',890706438,'Imie183Nazwisko183@gmail.com',183),(184,'Imie184','Nazwisko184',357485076,'Imie184Nazwisko184@gmail.com',184),(185,'Imie185','Nazwisko185',195870744,'Imie185Nazwisko185@gmail.com',185),(186,'Imie186','Nazwisko186',255000168,'Imie186Nazwisko186@gmail.com',186),(187,'Imie187','Nazwisko187',385221657,'Imie187Nazwisko187@gmail.com',187),(188,'Imie188','Nazwisko188',844158314,'Imie188Nazwisko188@gmail.com',188),(189,'Imie189','Nazwisko189',635716477,'Imie189Nazwisko189@gmail.com',189),(190,'Imie190','Nazwisko190',337976129,'Imie190Nazwisko190@gmail.com',190),(191,'Imie191','Nazwisko191',504741478,'Imie191Nazwisko191@gmail.com',191),(192,'Imie192','Nazwisko192',396037757,'Imie192Nazwisko192@gmail.com',192),(193,'Imie193','Nazwisko193',362577999,'Imie193Nazwisko193@gmail.com',193),(194,'Imie194','Nazwisko194',720216051,'Imie194Nazwisko194@gmail.com',194),(195,'Imie195','Nazwisko195',297532669,'Imie195Nazwisko195@gmail.com',195),(196,'Imie196','Nazwisko196',545381154,'Imie196Nazwisko196@gmail.com',196),(197,'Imie197','Nazwisko197',467266926,'Imie197Nazwisko197@gmail.com',197),(198,'Imie198','Nazwisko198',722309064,'Imie198Nazwisko198@gmail.com',198),(199,'Imie199','Nazwisko199',531819604,'Imie199Nazwisko199@gmail.com',199),(200,'Imie200','Nazwisko200',671736280,'Imie200Nazwisko200@gmail.com',200),(201,'Imie201','Nazwisko201',560262618,'Imie201Nazwisko201@gmail.com',201),(202,'Imie202','Nazwisko202',266026826,'Imie202Nazwisko202@gmail.com',202),(203,'Imie203','Nazwisko203',845715088,'Imie203Nazwisko203@gmail.com',203),(204,'Imie204','Nazwisko204',500364083,'Imie204Nazwisko204@gmail.com',204),(205,'Imie205','Nazwisko205',268841927,'Imie205Nazwisko205@gmail.com',205),(206,'Imie206','Nazwisko206',338471184,'Imie206Nazwisko206@gmail.com',206),(207,'Imie207','Nazwisko207',956928846,'Imie207Nazwisko207@gmail.com',207),(208,'Imie208','Nazwisko208',937832860,'Imie208Nazwisko208@gmail.com',208),(209,'Imie209','Nazwisko209',766464499,'Imie209Nazwisko209@gmail.com',209),(210,'Imie210','Nazwisko210',245301622,'Imie210Nazwisko210@gmail.com',210),(211,'Imie211','Nazwisko211',953011933,'Imie211Nazwisko211@gmail.com',211),(212,'Imie212','Nazwisko212',989767892,'Imie212Nazwisko212@gmail.com',212),(213,'Imie213','Nazwisko213',255271015,'Imie213Nazwisko213@gmail.com',213),(214,'Imie214','Nazwisko214',716750752,'Imie214Nazwisko214@gmail.com',214),(215,'Imie215','Nazwisko215',260177790,'Imie215Nazwisko215@gmail.com',215),(216,'Imie216','Nazwisko216',326884570,'Imie216Nazwisko216@gmail.com',216),(217,'Imie217','Nazwisko217',840923511,'Imie217Nazwisko217@gmail.com',217),(218,'Imie218','Nazwisko218',502560785,'Imie218Nazwisko218@gmail.com',218),(219,'Imie219','Nazwisko219',662958478,'Imie219Nazwisko219@gmail.com',219),(220,'Imie220','Nazwisko220',965860680,'Imie220Nazwisko220@gmail.com',220),(221,'Imie221','Nazwisko221',954476016,'Imie221Nazwisko221@gmail.com',221),(222,'Imie222','Nazwisko222',237986481,'Imie222Nazwisko222@gmail.com',222),(223,'Imie223','Nazwisko223',923180253,'Imie223Nazwisko223@gmail.com',223),(224,'Imie224','Nazwisko224',818361430,'Imie224Nazwisko224@gmail.com',224),(225,'Imie225','Nazwisko225',551129105,'Imie225Nazwisko225@gmail.com',225),(226,'Imie226','Nazwisko226',516449457,'Imie226Nazwisko226@gmail.com',226),(227,'Imie227','Nazwisko227',698511502,'Imie227Nazwisko227@gmail.com',227),(228,'Imie228','Nazwisko228',316149641,'Imie228Nazwisko228@gmail.com',228),(229,'Imie229','Nazwisko229',656388530,'Imie229Nazwisko229@gmail.com',229),(230,'Imie230','Nazwisko230',658393523,'Imie230Nazwisko230@gmail.com',230),(231,'Imie231','Nazwisko231',472556819,'Imie231Nazwisko231@gmail.com',231),(232,'Imie232','Nazwisko232',625934088,'Imie232Nazwisko232@gmail.com',232),(233,'Imie233','Nazwisko233',357367311,'Imie233Nazwisko233@gmail.com',233),(234,'Imie234','Nazwisko234',307395938,'Imie234Nazwisko234@gmail.com',234),(235,'Imie235','Nazwisko235',595772177,'Imie235Nazwisko235@gmail.com',235),(236,'Imie236','Nazwisko236',414378132,'Imie236Nazwisko236@gmail.com',236),(237,'Imie237','Nazwisko237',394684889,'Imie237Nazwisko237@gmail.com',237),(238,'Imie238','Nazwisko238',576376507,'Imie238Nazwisko238@gmail.com',238),(239,'Imie239','Nazwisko239',373869644,'Imie239Nazwisko239@gmail.com',239),(240,'Imie240','Nazwisko240',137282057,'Imie240Nazwisko240@gmail.com',240),(241,'Imie241','Nazwisko241',655578132,'Imie241Nazwisko241@gmail.com',241),(242,'Imie242','Nazwisko242',404829585,'Imie242Nazwisko242@gmail.com',242),(243,'Imie243','Nazwisko243',919540911,'Imie243Nazwisko243@gmail.com',243),(244,'Imie244','Nazwisko244',848962928,'Imie244Nazwisko244@gmail.com',244),(245,'Imie245','Nazwisko245',679007359,'Imie245Nazwisko245@gmail.com',245),(246,'Imie246','Nazwisko246',284156707,'Imie246Nazwisko246@gmail.com',246),(247,'Imie247','Nazwisko247',832528434,'Imie247Nazwisko247@gmail.com',247),(248,'Imie248','Nazwisko248',468587482,'Imie248Nazwisko248@gmail.com',248),(249,'Imie249','Nazwisko249',749327558,'Imie249Nazwisko249@gmail.com',249),(250,'Imie250','Nazwisko250',181595517,'Imie250Nazwisko250@gmail.com',250),(251,'Imie251','Nazwisko251',724524469,'Imie251Nazwisko251@gmail.com',251),(252,'Imie252','Nazwisko252',589930184,'Imie252Nazwisko252@gmail.com',252),(253,'Imie253','Nazwisko253',675349038,'Imie253Nazwisko253@gmail.com',253),(254,'Imie254','Nazwisko254',862267863,'Imie254Nazwisko254@gmail.com',254),(255,'Imie255','Nazwisko255',548179625,'Imie255Nazwisko255@gmail.com',255),(256,'Imie256','Nazwisko256',440688372,'Imie256Nazwisko256@gmail.com',256),(257,'Imie257','Nazwisko257',100675519,'Imie257Nazwisko257@gmail.com',257),(258,'Imie258','Nazwisko258',353675857,'Imie258Nazwisko258@gmail.com',258),(259,'Imie259','Nazwisko259',706612230,'Imie259Nazwisko259@gmail.com',259),(260,'Imie260','Nazwisko260',286581193,'Imie260Nazwisko260@gmail.com',260),(261,'Imie261','Nazwisko261',622232496,'Imie261Nazwisko261@gmail.com',261),(262,'Imie262','Nazwisko262',399764548,'Imie262Nazwisko262@gmail.com',262),(263,'Imie263','Nazwisko263',792277246,'Imie263Nazwisko263@gmail.com',263),(264,'Imie264','Nazwisko264',836327168,'Imie264Nazwisko264@gmail.com',264),(265,'Imie265','Nazwisko265',422324485,'Imie265Nazwisko265@gmail.com',265),(266,'Imie266','Nazwisko266',123341570,'Imie266Nazwisko266@gmail.com',266),(267,'Imie267','Nazwisko267',682828384,'Imie267Nazwisko267@gmail.com',267),(268,'Imie268','Nazwisko268',853329266,'Imie268Nazwisko268@gmail.com',268),(269,'Imie269','Nazwisko269',216411822,'Imie269Nazwisko269@gmail.com',269),(270,'Imie270','Nazwisko270',826991277,'Imie270Nazwisko270@gmail.com',270),(271,'Imie271','Nazwisko271',960669643,'Imie271Nazwisko271@gmail.com',271),(272,'Imie272','Nazwisko272',421279887,'Imie272Nazwisko272@gmail.com',272),(273,'Imie273','Nazwisko273',337670289,'Imie273Nazwisko273@gmail.com',273),(274,'Imie274','Nazwisko274',274915633,'Imie274Nazwisko274@gmail.com',274),(275,'Imie275','Nazwisko275',783158572,'Imie275Nazwisko275@gmail.com',275),(276,'Imie276','Nazwisko276',599067637,'Imie276Nazwisko276@gmail.com',276),(277,'Imie277','Nazwisko277',200508108,'Imie277Nazwisko277@gmail.com',277),(278,'Imie278','Nazwisko278',384203767,'Imie278Nazwisko278@gmail.com',278),(279,'Imie279','Nazwisko279',495380131,'Imie279Nazwisko279@gmail.com',279),(280,'Imie280','Nazwisko280',591524605,'Imie280Nazwisko280@gmail.com',280),(281,'Imie281','Nazwisko281',968982527,'Imie281Nazwisko281@gmail.com',281),(282,'Imie282','Nazwisko282',607725335,'Imie282Nazwisko282@gmail.com',282),(283,'Imie283','Nazwisko283',841412767,'Imie283Nazwisko283@gmail.com',283),(284,'Imie284','Nazwisko284',242580938,'Imie284Nazwisko284@gmail.com',284),(285,'Imie285','Nazwisko285',303587550,'Imie285Nazwisko285@gmail.com',285),(286,'Imie286','Nazwisko286',592925398,'Imie286Nazwisko286@gmail.com',286),(287,'Imie287','Nazwisko287',568266922,'Imie287Nazwisko287@gmail.com',287),(288,'Imie288','Nazwisko288',229325936,'Imie288Nazwisko288@gmail.com',288),(289,'Imie289','Nazwisko289',362016114,'Imie289Nazwisko289@gmail.com',289),(290,'Imie290','Nazwisko290',696152929,'Imie290Nazwisko290@gmail.com',290),(291,'Imie291','Nazwisko291',505737846,'Imie291Nazwisko291@gmail.com',291),(292,'Imie292','Nazwisko292',698997081,'Imie292Nazwisko292@gmail.com',292),(293,'Imie293','Nazwisko293',801960151,'Imie293Nazwisko293@gmail.com',293),(294,'Imie294','Nazwisko294',367040973,'Imie294Nazwisko294@gmail.com',294),(295,'Imie295','Nazwisko295',548764642,'Imie295Nazwisko295@gmail.com',295),(296,'Imie296','Nazwisko296',986884128,'Imie296Nazwisko296@gmail.com',296),(297,'Imie297','Nazwisko297',432464201,'Imie297Nazwisko297@gmail.com',297),(298,'Imie298','Nazwisko298',742852919,'Imie298Nazwisko298@gmail.com',298),(299,'Imie299','Nazwisko299',239118003,'Imie299Nazwisko299@gmail.com',299),(300,'Imie300','Nazwisko300',247419491,'Imie300Nazwisko300@gmail.com',300),(301,'Imie301','Nazwisko301',121216115,'Imie301Nazwisko301@gmail.com',301),(302,'Imie302','Nazwisko302',170579731,'Imie302Nazwisko302@gmail.com',302),(303,'Imie303','Nazwisko303',979641119,'Imie303Nazwisko303@gmail.com',303),(304,'Imie304','Nazwisko304',341397437,'Imie304Nazwisko304@gmail.com',304),(305,'Imie305','Nazwisko305',285076168,'Imie305Nazwisko305@gmail.com',305),(306,'Imie306','Nazwisko306',736694682,'Imie306Nazwisko306@gmail.com',306),(307,'Imie307','Nazwisko307',841158977,'Imie307Nazwisko307@gmail.com',307),(308,'Imie308','Nazwisko308',787368835,'Imie308Nazwisko308@gmail.com',308),(309,'Imie309','Nazwisko309',693597170,'Imie309Nazwisko309@gmail.com',309),(310,'Imie310','Nazwisko310',170646846,'Imie310Nazwisko310@gmail.com',310),(311,'Imie311','Nazwisko311',764429874,'Imie311Nazwisko311@gmail.com',311),(312,'Imie312','Nazwisko312',719629874,'Imie312Nazwisko312@gmail.com',312),(313,'Imie313','Nazwisko313',645341841,'Imie313Nazwisko313@gmail.com',313),(314,'Imie314','Nazwisko314',409866988,'Imie314Nazwisko314@gmail.com',314),(315,'Imie315','Nazwisko315',497561377,'Imie315Nazwisko315@gmail.com',315),(316,'Imie316','Nazwisko316',376540129,'Imie316Nazwisko316@gmail.com',316),(317,'Imie317','Nazwisko317',517520314,'Imie317Nazwisko317@gmail.com',317),(318,'Imie318','Nazwisko318',760366628,'Imie318Nazwisko318@gmail.com',318),(319,'Imie319','Nazwisko319',671513920,'Imie319Nazwisko319@gmail.com',319),(320,'Imie320','Nazwisko320',594309815,'Imie320Nazwisko320@gmail.com',320),(321,'Imie321','Nazwisko321',555199220,'Imie321Nazwisko321@gmail.com',321),(322,'Imie322','Nazwisko322',166774847,'Imie322Nazwisko322@gmail.com',322),(323,'Imie323','Nazwisko323',490267474,'Imie323Nazwisko323@gmail.com',323),(324,'Imie324','Nazwisko324',703922101,'Imie324Nazwisko324@gmail.com',324),(325,'Imie325','Nazwisko325',485739722,'Imie325Nazwisko325@gmail.com',325),(326,'Imie326','Nazwisko326',171792189,'Imie326Nazwisko326@gmail.com',326),(327,'Imie327','Nazwisko327',786310887,'Imie327Nazwisko327@gmail.com',327),(328,'Imie328','Nazwisko328',754583940,'Imie328Nazwisko328@gmail.com',328),(329,'Imie329','Nazwisko329',572523907,'Imie329Nazwisko329@gmail.com',329),(330,'Imie330','Nazwisko330',685645773,'Imie330Nazwisko330@gmail.com',330),(331,'Imie331','Nazwisko331',912283130,'Imie331Nazwisko331@gmail.com',331),(332,'Imie332','Nazwisko332',445262182,'Imie332Nazwisko332@gmail.com',332),(333,'Imie333','Nazwisko333',206124821,'Imie333Nazwisko333@gmail.com',333),(334,'Imie334','Nazwisko334',367960503,'Imie334Nazwisko334@gmail.com',334),(335,'Imie335','Nazwisko335',674771504,'Imie335Nazwisko335@gmail.com',335),(336,'Imie336','Nazwisko336',600571431,'Imie336Nazwisko336@gmail.com',336),(337,'Imie337','Nazwisko337',292177539,'Imie337Nazwisko337@gmail.com',337),(338,'Imie338','Nazwisko338',700302586,'Imie338Nazwisko338@gmail.com',338),(339,'Imie339','Nazwisko339',404405788,'Imie339Nazwisko339@gmail.com',339),(340,'Imie340','Nazwisko340',584110630,'Imie340Nazwisko340@gmail.com',340),(341,'Imie341','Nazwisko341',190206988,'Imie341Nazwisko341@gmail.com',341),(342,'Imie342','Nazwisko342',475033185,'Imie342Nazwisko342@gmail.com',342),(343,'Imie343','Nazwisko343',341363705,'Imie343Nazwisko343@gmail.com',343),(344,'Imie344','Nazwisko344',259521978,'Imie344Nazwisko344@gmail.com',344),(345,'Imie345','Nazwisko345',204797376,'Imie345Nazwisko345@gmail.com',345),(346,'Imie346','Nazwisko346',588963366,'Imie346Nazwisko346@gmail.com',346),(347,'Imie347','Nazwisko347',205377958,'Imie347Nazwisko347@gmail.com',347),(348,'Imie348','Nazwisko348',220491686,'Imie348Nazwisko348@gmail.com',348),(349,'Imie349','Nazwisko349',680119984,'Imie349Nazwisko349@gmail.com',349),(350,'Imie350','Nazwisko350',875540034,'Imie350Nazwisko350@gmail.com',350),(351,'Imie351','Nazwisko351',178831019,'Imie351Nazwisko351@gmail.com',351),(352,'Imie352','Nazwisko352',458901729,'Imie352Nazwisko352@gmail.com',352),(353,'Imie353','Nazwisko353',269605501,'Imie353Nazwisko353@gmail.com',353),(354,'Imie354','Nazwisko354',384031072,'Imie354Nazwisko354@gmail.com',354),(355,'Imie355','Nazwisko355',687471496,'Imie355Nazwisko355@gmail.com',355),(356,'Imie356','Nazwisko356',458291517,'Imie356Nazwisko356@gmail.com',356),(357,'Imie357','Nazwisko357',604680957,'Imie357Nazwisko357@gmail.com',357),(358,'Imie358','Nazwisko358',954133073,'Imie358Nazwisko358@gmail.com',358),(359,'Imie359','Nazwisko359',304747401,'Imie359Nazwisko359@gmail.com',359),(360,'Imie360','Nazwisko360',282827012,'Imie360Nazwisko360@gmail.com',360),(361,'Imie361','Nazwisko361',504876890,'Imie361Nazwisko361@gmail.com',361),(362,'Imie362','Nazwisko362',944996318,'Imie362Nazwisko362@gmail.com',362),(363,'Imie363','Nazwisko363',731538114,'Imie363Nazwisko363@gmail.com',363),(364,'Imie364','Nazwisko364',957048783,'Imie364Nazwisko364@gmail.com',364),(365,'Imie365','Nazwisko365',781971402,'Imie365Nazwisko365@gmail.com',365),(366,'Imie366','Nazwisko366',365742922,'Imie366Nazwisko366@gmail.com',366),(367,'Imie367','Nazwisko367',440352373,'Imie367Nazwisko367@gmail.com',367),(368,'Imie368','Nazwisko368',529139457,'Imie368Nazwisko368@gmail.com',368),(369,'Imie369','Nazwisko369',697205970,'Imie369Nazwisko369@gmail.com',369),(370,'Imie370','Nazwisko370',402842637,'Imie370Nazwisko370@gmail.com',370),(371,'Imie371','Nazwisko371',821751844,'Imie371Nazwisko371@gmail.com',371),(372,'Imie372','Nazwisko372',547107503,'Imie372Nazwisko372@gmail.com',372),(373,'Imie373','Nazwisko373',242751489,'Imie373Nazwisko373@gmail.com',373),(374,'Imie374','Nazwisko374',232532887,'Imie374Nazwisko374@gmail.com',374),(375,'Imie375','Nazwisko375',673678283,'Imie375Nazwisko375@gmail.com',375),(376,'Imie376','Nazwisko376',463951972,'Imie376Nazwisko376@gmail.com',376),(377,'Imie377','Nazwisko377',705391113,'Imie377Nazwisko377@gmail.com',377),(378,'Imie378','Nazwisko378',969671563,'Imie378Nazwisko378@gmail.com',378),(379,'Imie379','Nazwisko379',306952643,'Imie379Nazwisko379@gmail.com',379),(380,'Imie380','Nazwisko380',110085220,'Imie380Nazwisko380@gmail.com',380),(381,'Imie381','Nazwisko381',613840134,'Imie381Nazwisko381@gmail.com',381),(382,'Imie382','Nazwisko382',335061811,'Imie382Nazwisko382@gmail.com',382),(383,'Imie383','Nazwisko383',762505807,'Imie383Nazwisko383@gmail.com',383),(384,'Imie384','Nazwisko384',764549693,'Imie384Nazwisko384@gmail.com',384),(385,'Imie385','Nazwisko385',696454962,'Imie385Nazwisko385@gmail.com',385),(386,'Imie386','Nazwisko386',515828570,'Imie386Nazwisko386@gmail.com',386),(387,'Imie387','Nazwisko387',168496657,'Imie387Nazwisko387@gmail.com',387),(388,'Imie388','Nazwisko388',583659590,'Imie388Nazwisko388@gmail.com',388),(389,'Imie389','Nazwisko389',677791574,'Imie389Nazwisko389@gmail.com',389),(390,'Imie390','Nazwisko390',645634395,'Imie390Nazwisko390@gmail.com',390),(391,'Imie391','Nazwisko391',925182855,'Imie391Nazwisko391@gmail.com',391),(392,'Imie392','Nazwisko392',802475820,'Imie392Nazwisko392@gmail.com',392),(393,'Imie393','Nazwisko393',721537341,'Imie393Nazwisko393@gmail.com',393),(394,'Imie394','Nazwisko394',751570123,'Imie394Nazwisko394@gmail.com',394),(395,'Imie395','Nazwisko395',833580699,'Imie395Nazwisko395@gmail.com',395),(396,'Imie396','Nazwisko396',404198238,'Imie396Nazwisko396@gmail.com',396),(397,'Imie397','Nazwisko397',675117978,'Imie397Nazwisko397@gmail.com',397),(398,'Imie398','Nazwisko398',488672907,'Imie398Nazwisko398@gmail.com',398),(399,'Imie399','Nazwisko399',903087556,'Imie399Nazwisko399@gmail.com',399),(400,'Imie400','Nazwisko400',244053985,'Imie400Nazwisko400@gmail.com',400),(401,'Imie401','Nazwisko401',923126773,'Imie401Nazwisko401@gmail.com',401),(402,'Imie402','Nazwisko402',910262550,'Imie402Nazwisko402@gmail.com',402),(403,'Imie403','Nazwisko403',317891274,'Imie403Nazwisko403@gmail.com',403),(404,'Imie404','Nazwisko404',692604374,'Imie404Nazwisko404@gmail.com',404),(405,'Imie405','Nazwisko405',788090363,'Imie405Nazwisko405@gmail.com',405),(406,'Imie406','Nazwisko406',662855819,'Imie406Nazwisko406@gmail.com',406),(407,'Imie407','Nazwisko407',106577198,'Imie407Nazwisko407@gmail.com',407),(408,'Imie408','Nazwisko408',435249994,'Imie408Nazwisko408@gmail.com',408),(409,'Imie409','Nazwisko409',124878461,'Imie409Nazwisko409@gmail.com',409),(410,'Imie410','Nazwisko410',618186971,'Imie410Nazwisko410@gmail.com',410),(411,'Imie411','Nazwisko411',650621197,'Imie411Nazwisko411@gmail.com',411),(412,'Imie412','Nazwisko412',105961661,'Imie412Nazwisko412@gmail.com',412),(413,'Imie413','Nazwisko413',514839688,'Imie413Nazwisko413@gmail.com',413),(414,'Imie414','Nazwisko414',251949113,'Imie414Nazwisko414@gmail.com',414),(415,'Imie415','Nazwisko415',604396106,'Imie415Nazwisko415@gmail.com',415),(416,'Imie416','Nazwisko416',893165628,'Imie416Nazwisko416@gmail.com',416),(417,'Imie417','Nazwisko417',400595473,'Imie417Nazwisko417@gmail.com',417),(418,'Imie418','Nazwisko418',524346456,'Imie418Nazwisko418@gmail.com',418),(419,'Imie419','Nazwisko419',309447725,'Imie419Nazwisko419@gmail.com',419),(420,'Imie420','Nazwisko420',784870141,'Imie420Nazwisko420@gmail.com',420),(421,'Imie421','Nazwisko421',405323582,'Imie421Nazwisko421@gmail.com',421),(422,'Imie422','Nazwisko422',770011379,'Imie422Nazwisko422@gmail.com',422),(423,'Imie423','Nazwisko423',384245662,'Imie423Nazwisko423@gmail.com',423),(424,'Imie424','Nazwisko424',879548193,'Imie424Nazwisko424@gmail.com',424),(425,'Imie425','Nazwisko425',985827822,'Imie425Nazwisko425@gmail.com',425),(426,'Imie426','Nazwisko426',104171994,'Imie426Nazwisko426@gmail.com',426),(427,'Imie427','Nazwisko427',496491477,'Imie427Nazwisko427@gmail.com',427),(428,'Imie428','Nazwisko428',304396978,'Imie428Nazwisko428@gmail.com',428),(429,'Imie429','Nazwisko429',563321406,'Imie429Nazwisko429@gmail.com',429),(430,'Imie430','Nazwisko430',930167269,'Imie430Nazwisko430@gmail.com',430),(431,'Imie431','Nazwisko431',319390703,'Imie431Nazwisko431@gmail.com',431),(432,'Imie432','Nazwisko432',785115405,'Imie432Nazwisko432@gmail.com',432),(433,'Imie433','Nazwisko433',422141864,'Imie433Nazwisko433@gmail.com',433),(434,'Imie434','Nazwisko434',476517449,'Imie434Nazwisko434@gmail.com',434),(435,'Imie435','Nazwisko435',902556262,'Imie435Nazwisko435@gmail.com',435),(436,'Imie436','Nazwisko436',986195587,'Imie436Nazwisko436@gmail.com',436),(437,'Imie437','Nazwisko437',549832974,'Imie437Nazwisko437@gmail.com',437),(438,'Imie438','Nazwisko438',793722437,'Imie438Nazwisko438@gmail.com',438),(439,'Imie439','Nazwisko439',838141870,'Imie439Nazwisko439@gmail.com',439),(440,'Imie440','Nazwisko440',993231645,'Imie440Nazwisko440@gmail.com',440),(441,'Imie441','Nazwisko441',592754144,'Imie441Nazwisko441@gmail.com',441),(442,'Imie442','Nazwisko442',800643096,'Imie442Nazwisko442@gmail.com',442),(443,'Imie443','Nazwisko443',465820396,'Imie443Nazwisko443@gmail.com',443),(444,'Imie444','Nazwisko444',433849648,'Imie444Nazwisko444@gmail.com',444),(445,'Imie445','Nazwisko445',868693118,'Imie445Nazwisko445@gmail.com',445),(446,'Imie446','Nazwisko446',528395440,'Imie446Nazwisko446@gmail.com',446),(447,'Imie447','Nazwisko447',280103535,'Imie447Nazwisko447@gmail.com',447),(448,'Imie448','Nazwisko448',665553704,'Imie448Nazwisko448@gmail.com',448),(449,'Imie449','Nazwisko449',538915893,'Imie449Nazwisko449@gmail.com',449),(450,'Imie450','Nazwisko450',364034334,'Imie450Nazwisko450@gmail.com',450),(451,'Imie451','Nazwisko451',488742681,'Imie451Nazwisko451@gmail.com',451),(452,'Imie452','Nazwisko452',191584703,'Imie452Nazwisko452@gmail.com',452),(453,'Imie453','Nazwisko453',890008117,'Imie453Nazwisko453@gmail.com',453),(454,'Imie454','Nazwisko454',972504668,'Imie454Nazwisko454@gmail.com',454),(455,'Imie455','Nazwisko455',989774935,'Imie455Nazwisko455@gmail.com',455),(456,'Imie456','Nazwisko456',719543222,'Imie456Nazwisko456@gmail.com',456),(457,'Imie457','Nazwisko457',539457431,'Imie457Nazwisko457@gmail.com',457),(458,'Imie458','Nazwisko458',401357726,'Imie458Nazwisko458@gmail.com',458),(459,'Imie459','Nazwisko459',240314339,'Imie459Nazwisko459@gmail.com',459),(460,'Imie460','Nazwisko460',233745805,'Imie460Nazwisko460@gmail.com',460),(461,'Imie461','Nazwisko461',562174083,'Imie461Nazwisko461@gmail.com',461),(462,'Imie462','Nazwisko462',129559368,'Imie462Nazwisko462@gmail.com',462),(463,'Imie463','Nazwisko463',985028436,'Imie463Nazwisko463@gmail.com',463),(464,'Imie464','Nazwisko464',889548067,'Imie464Nazwisko464@gmail.com',464),(465,'Imie465','Nazwisko465',678047095,'Imie465Nazwisko465@gmail.com',465),(466,'Imie466','Nazwisko466',495187277,'Imie466Nazwisko466@gmail.com',466),(467,'Imie467','Nazwisko467',628852756,'Imie467Nazwisko467@gmail.com',467),(468,'Imie468','Nazwisko468',568838798,'Imie468Nazwisko468@gmail.com',468),(469,'Imie469','Nazwisko469',728582872,'Imie469Nazwisko469@gmail.com',469),(470,'Imie470','Nazwisko470',458403273,'Imie470Nazwisko470@gmail.com',470),(471,'Imie471','Nazwisko471',316254758,'Imie471Nazwisko471@gmail.com',471),(472,'Imie472','Nazwisko472',398869367,'Imie472Nazwisko472@gmail.com',472),(473,'Imie473','Nazwisko473',607052900,'Imie473Nazwisko473@gmail.com',473),(474,'Imie474','Nazwisko474',249781772,'Imie474Nazwisko474@gmail.com',474),(475,'Imie475','Nazwisko475',936527931,'Imie475Nazwisko475@gmail.com',475),(476,'Imie476','Nazwisko476',839507160,'Imie476Nazwisko476@gmail.com',476),(477,'Imie477','Nazwisko477',985232734,'Imie477Nazwisko477@gmail.com',477),(478,'Imie478','Nazwisko478',110498469,'Imie478Nazwisko478@gmail.com',478),(479,'Imie479','Nazwisko479',885981248,'Imie479Nazwisko479@gmail.com',479),(480,'Imie480','Nazwisko480',904340180,'Imie480Nazwisko480@gmail.com',480),(481,'Imie481','Nazwisko481',293780428,'Imie481Nazwisko481@gmail.com',481),(482,'Imie482','Nazwisko482',818536282,'Imie482Nazwisko482@gmail.com',482),(483,'Imie483','Nazwisko483',976882643,'Imie483Nazwisko483@gmail.com',483),(484,'Imie484','Nazwisko484',895984244,'Imie484Nazwisko484@gmail.com',484),(485,'Imie485','Nazwisko485',319002693,'Imie485Nazwisko485@gmail.com',485),(486,'Imie486','Nazwisko486',516892958,'Imie486Nazwisko486@gmail.com',486),(487,'Imie487','Nazwisko487',338206850,'Imie487Nazwisko487@gmail.com',487),(488,'Imie488','Nazwisko488',268625883,'Imie488Nazwisko488@gmail.com',488),(489,'Imie489','Nazwisko489',243560469,'Imie489Nazwisko489@gmail.com',489),(490,'Imie490','Nazwisko490',706595193,'Imie490Nazwisko490@gmail.com',490),(491,'Imie491','Nazwisko491',973378513,'Imie491Nazwisko491@gmail.com',491),(492,'Imie492','Nazwisko492',676779772,'Imie492Nazwisko492@gmail.com',492),(493,'Imie493','Nazwisko493',521525194,'Imie493Nazwisko493@gmail.com',493),(494,'Imie494','Nazwisko494',592097220,'Imie494Nazwisko494@gmail.com',494),(495,'Imie495','Nazwisko495',275599186,'Imie495Nazwisko495@gmail.com',495),(496,'Imie496','Nazwisko496',755074166,'Imie496Nazwisko496@gmail.com',496),(497,'Imie497','Nazwisko497',533110309,'Imie497Nazwisko497@gmail.com',497),(498,'Imie498','Nazwisko498',685146458,'Imie498Nazwisko498@gmail.com',498),(499,'Imie499','Nazwisko499',861282617,'Imie499Nazwisko499@gmail.com',499),(500,'Imie500','Nazwisko500',428049525,'Imie500Nazwisko500@gmail.com',500),(501,'Imie501','Nazwisko501',782725448,'Imie501Nazwisko501@gmail.com',501),(502,'Imie502','Nazwisko502',629212828,'Imie502Nazwisko502@gmail.com',502),(503,'Imie503','Nazwisko503',193206381,'Imie503Nazwisko503@gmail.com',503),(504,'Imie504','Nazwisko504',460913384,'Imie504Nazwisko504@gmail.com',504),(505,'Imie505','Nazwisko505',633274064,'Imie505Nazwisko505@gmail.com',505),(506,'Imie506','Nazwisko506',234042503,'Imie506Nazwisko506@gmail.com',506),(507,'Imie507','Nazwisko507',937875247,'Imie507Nazwisko507@gmail.com',507),(508,'Imie508','Nazwisko508',643766881,'Imie508Nazwisko508@gmail.com',508),(509,'Imie509','Nazwisko509',305032037,'Imie509Nazwisko509@gmail.com',509),(510,'Imie510','Nazwisko510',501355502,'Imie510Nazwisko510@gmail.com',510),(511,'Imie511','Nazwisko511',913763086,'Imie511Nazwisko511@gmail.com',511),(512,'Imie512','Nazwisko512',652319656,'Imie512Nazwisko512@gmail.com',512),(513,'Imie513','Nazwisko513',674726826,'Imie513Nazwisko513@gmail.com',513),(514,'Imie514','Nazwisko514',549041111,'Imie514Nazwisko514@gmail.com',514),(515,'Imie515','Nazwisko515',199630832,'Imie515Nazwisko515@gmail.com',515),(516,'Imie516','Nazwisko516',753073018,'Imie516Nazwisko516@gmail.com',516),(517,'Imie517','Nazwisko517',571560525,'Imie517Nazwisko517@gmail.com',517),(518,'Imie518','Nazwisko518',544653724,'Imie518Nazwisko518@gmail.com',518),(519,'Imie519','Nazwisko519',660800121,'Imie519Nazwisko519@gmail.com',519),(520,'Imie520','Nazwisko520',872155895,'Imie520Nazwisko520@gmail.com',520),(521,'Imie521','Nazwisko521',376122197,'Imie521Nazwisko521@gmail.com',521),(522,'Imie522','Nazwisko522',204277260,'Imie522Nazwisko522@gmail.com',522),(523,'Imie523','Nazwisko523',589688939,'Imie523Nazwisko523@gmail.com',523),(524,'Imie524','Nazwisko524',755555584,'Imie524Nazwisko524@gmail.com',524),(525,'Imie525','Nazwisko525',162117562,'Imie525Nazwisko525@gmail.com',525),(526,'Imie526','Nazwisko526',819625030,'Imie526Nazwisko526@gmail.com',526),(527,'Imie527','Nazwisko527',885883943,'Imie527Nazwisko527@gmail.com',527),(528,'Imie528','Nazwisko528',832254085,'Imie528Nazwisko528@gmail.com',528),(529,'Imie529','Nazwisko529',936579305,'Imie529Nazwisko529@gmail.com',529),(530,'Imie530','Nazwisko530',991440183,'Imie530Nazwisko530@gmail.com',530),(531,'Imie31','Nazwisko31',123456789,'nazwiskoimie@poczta.pl',537),(532,'Adam','Adam',693,'abcdef234@mail.com',538),(534,'Adam','Adam',6923,'abcddef234@mail.com',540),(535,'Karol','Kowalski',134679852,'karol@gmail.com',541),(536,'Karol','Nowak',741369852,'karollo1@o2.pl',542),(538,'Karol','Kowalski',134619852,'karo1l@gmail.com',544),(539,'Imi','Nazwisko',123654789,'mail@.pl',545),(540,'Edward','Kuc',111333666,'grzmot@gmai.com',546),(542,'Edwara','Kuc',111333665,'grzmot@gai.com',548),(546,'Imi','Nazwisko',111333661,'grzmot@gai.co',552),(550,'Imi','Nazwisko',111333664,'maill@.pl',556),(551,'Imi','Nazwisko',123446789,'@abc',557),(552,'Imi','Nazwisko',123987564,'@ab.com',558),(553,'Imi','Nazwisko',258976431,'a@12356.com',559),(555,'Jan','Kowalski',123456782,'mail@b.com',561);
/*!40000 ALTER TABLE `dane_osobowe` ENABLE KEYS */;
UNLOCK TABLES;

--
-- Table structure for table `kategoria`
--

DROP TABLE IF EXISTS `kategoria`;
/*!40101 SET @saved_cs_client     = @@character_set_client */;
/*!50503 SET character_set_client = utf8mb4 */;
CREATE TABLE `kategoria` (
  `kategoria_ID` int NOT NULL AUTO_INCREMENT,
  `Nazwa` varchar(20) NOT NULL,
  PRIMARY KEY (`kategoria_ID`)
) ENGINE=InnoDB AUTO_INCREMENT=21 DEFAULT CHARSET=utf8mb4 COLLATE=utf8mb4_0900_ai_ci;
/*!40101 SET character_set_client = @saved_cs_client */;

--
-- Dumping data for table `kategoria`
--

LOCK TABLES `kategoria` WRITE;
/*!40000 ALTER TABLE `kategoria` DISABLE KEYS */;
INSERT INTO `kategoria` VALUES (1,'Kategoria1'),(2,'Kategoria2'),(3,'Kategoria3'),(4,'Kategoria4'),(5,'Kategoria5'),(6,'Kategoria6'),(7,'Kategoria7'),(8,'Kategoria8'),(9,'Kategoria9'),(10,'Kategoria10'),(11,'Kategoria11'),(12,'Kategoria12'),(13,'Kategoria13'),(14,'Kategoria14'),(15,'Kategoria15'),(16,'Kategoria16'),(17,'Kategoria17'),(18,'Kategoria18'),(19,'Kategoria19'),(20,'Kategoria20');
/*!40000 ALTER TABLE `kategoria` ENABLE KEYS */;
UNLOCK TABLES;

--
-- Table structure for table `klient`
--

DROP TABLE IF EXISTS `klient`;
/*!40101 SET @saved_cs_client     = @@character_set_client */;
/*!50503 SET character_set_client = utf8mb4 */;
CREATE TABLE `klient` (
  `klient_ID` int NOT NULL AUTO_INCREMENT,
  `koszyk_ID` int NOT NULL,
  `dane_osobowe_ID` int NOT NULL,
  `login` varchar(20) NOT NULL,
  `haslo` varchar(300) NOT NULL,
  PRIMARY KEY (`klient_ID`),
  UNIQUE KEY `Login` (`login`),
  KEY `FKKlient89231` (`koszyk_ID`),
  KEY `FKKlient120104` (`dane_osobowe_ID`),
  CONSTRAINT `FKKlient120104` FOREIGN KEY (`dane_osobowe_ID`) REFERENCES `dane_osobowe` (`dane_osobowe_ID`),
  CONSTRAINT `FKKlient89231` FOREIGN KEY (`koszyk_ID`) REFERENCES `koszyk` (`koszyk_ID`)
) ENGINE=InnoDB AUTO_INCREMENT=514 DEFAULT CHARSET=utf8mb4 COLLATE=utf8mb4_0900_ai_ci;
/*!40101 SET character_set_client = @saved_cs_client */;

--
-- Dumping data for table `klient`
--

LOCK TABLES `klient` WRITE;
/*!40000 ALTER TABLE `klient` DISABLE KEYS */;
INSERT INTO `klient` VALUES (1,1,1,'Login1','4c196a156d3aadf6db095fbb5112b34e2963d4c3532b19161cfedac1115c2395f2274f9b014c7e4d3b1837dbb3e5c9d81895535a186d7a9ebab39c2fe0bbf4f3:5146a5061a7ff136ff2aa57f78e257625405001d6ad6752'),(2,2,2,'Login2','62c877a20efb5de20f5fc6cb07878bd41f14102c5de7321ae9f7788f092b8573b4657b8a6bd18f1189214bd86b4b661c709d15f43d39829561fdaac2180c81b7:e1d731622ad336a4d2b8576452b1c59a2242363146'),(3,3,3,'Login3','e79081b6575627822ada5d1026180a8a67d19a9645bc484001d9179fdf61c03f5ec65163b3c8d25a32183f6538e83ec6d2b9c44695186f5240e51ac6eb4870ba:958d1e0852a11694e2e4e69ff4823bc637f5d9280f32a'),(4,4,4,'Login4','390d949cadbce6447062e2bb091503ba24b84cf3b0f88b327c444fe01a9a3e00568ff7bd15d8fcee193f37a56711512d8d6d0b0ccbbeacee399114d32772c7d8:5b03276318afe13e15d4aab725c14b1d2b72c9d357'),(5,5,5,'Login5','c45029573e141a971ff70c7bfe3714d83730fa5314a79aaf0341a11fe160ac906e694e1e30095db116d17bf1fa8edf3bcb73b1d896f9eb58d327733406af18bc:1a99d7474d57985b3376add44a1f6536491d92e'),(6,6,6,'Login6','9cefaaf73cf3aaa3fac090f05593ace326dda4f579b4e86adeccfdfb734baaf4982ef45a3176ecd1f13e5eeb877e11cf6b07646ef44711872ec0b248aeb39ef2:42d47df27b06ca5aafede3dc6b945802e64fc244df440'),(7,7,7,'Login7','df201d90695fdf198e4c73af2ed902b1b6efc020b710b6332a92787cd52ec749680ba5a73536f867a284b489807688259c6705be8e0c7f221db9d3462dbb1f2e:52355c4ad7319432d6be5b755c7256b531c282e6ca9'),(8,8,8,'Login8','8b9c30cc2f9f70ca6af42ade60b3a8ba1c9b49aed1e9a0fd081ef73deb033dbacc464c6f10201c2ab1b1bcec1ace5096e6509d0ade23b3bcff6bfbd5a466cb34:519801462b614e617c12876f3e69a47a60b82a9245e'),(9,9,9,'Login9','458eaad2c8c78e900cb81d1b3d55fb4f847e484fc14012723c1bc2b61fae5e835763b7a9e2ba7aeff5b7f1203c5827b243047d2cdc6786b59b9103154787433e:0319e5af3ed5ca6836f55561f2275a5da171b1c4065'),(10,10,10,'Login10','5b3654c465985ba90b42c09e0d701f91e9c0db8ac50932729e4798c125f40c247bce16f3b035e2d198fe16d38b3a71d1f7aadde0aa44c555ceef26459d7cfbb5:4b667021ea9647a7336e11e684264426f67d7e27'),(11,11,11,'Login11','2a6dc7675ad68cdcb489fb0e159b615535c8cf73b746772fe1822a3deeb63abf3d10c11ca6d42eefa16fca36dc1070ba16068b1ca11ea35da943168e8ef4fd00:73668db5ec3fbf389396f843d2e515805b5a5f3da'),(12,12,12,'Login12','05edb68a1fa1e3c55735a90652b63e9f78b8093473b64bf3f662ec9a3470752afcd17406c9c19801a72ff3589a8a556e95ac2f6cd2f782c15d24825829e3fa6e:c264f2ab5464317433207283912f50851673932344c5b70'),(13,13,13,'Login13','fbe3189d0a1a0a344d9df72b2b2e2a479e51157887faf2bd506fa21a1c9d34e597c74f7e0a347ff85a778e91397aa5bb5a05168c3deabc43c21d7248a7350b0a:65c6e648ed5924816c55757b612e238a7e12f42611'),(14,14,14,'Login14','6d71c2cd6e7158aeff6e5dc6b215de6b8cf9e1a67a24c7383b67e009ac8a1181eae6f90762d692baaca73a4811d4f776992f0af838ef2db765fc73de6711c6b7:cc1f543208f7d33e1142b5779b7389574f2dc6e465'),(15,15,15,'Login15','65a272933e9979d92996505807fc85303e6c612fcd5a49274606db81bbf27ccccca60610989946b4725e3829e70c00f161ad7e51464e99668daed81167d0ab4b:a37eb41d3b511354c739ac1f83185712591234c6f9'),(16,16,16,'Login16','c4305fdaa8e4fdf21f8efd3f66148e07503b5e8b3b744bea6bdb0495f4f8c5c337516aff0e9138d275f5150eb26ca4a268bb5fe9f7f5e5ea34da95657dfa5ca9:4e631a2566543651215f65956135744510233394700503d2'),(17,17,17,'Login17','6690185e0a0108727fe93c4372b9b15fdb61bcea3b314b70dea12694fdc01e27a651e7405edaca19b89459390098ba145dd924eaa95425444a3a93f9ad02602a:1ce27514191bd7425359727d347e262d255077310e265b483'),(18,18,18,'Login18','a2a8aa2a7637eb87f554b557a1fdbd9ecbc8ab0a762e0eaf6d8a1ddf9d374b0e637d7d28771cfe973fe2542b929d5c6ef711f35ffeb7b673459cef1213751507:1577a316e3927e566d47691b2d53527754127b247b391213a'),(19,19,19,'Login19','e667dbb946e251f81301ff3049f39bade06d9f6b5d2dd56d2ac47e9cd5a5a738a940fcfca347478c533f3935eee67d9ac7fb60346ef1d7ca96d87ed271edb42e:ac7b5121f72f80484e89c1774757637164bc77747710b2'),(20,20,20,'Login20','6f74bbfb5cebc3dbfdd1acb915d2eb3f0aa6fa5004e82ca2be35d231435d3247a92bc758262ddac04b5eeaca44d4f5e2aa9afd9f4e9f08cbdc8e408cf43dad8b:95186b3f06a65632464ac31282c8e076df1f6fac6'),(21,21,21,'Login21','f0786d67fb4ce8e79f21c8e85c759234eb1c8ec9d32d443440107b5b25862f4c1c8928f236c5599f578e5440cf04c4cd0aca228534c006b3ea2f2bf86ddcc27a:ddf250520fbf32449d488028a3431037a04a1c'),(22,22,22,'Login22','3e4bad3d4cb9ea27b034edc2aeb7470423003cf6b2c2acd20b5c92d36ea638c81990e651df78c6e010cdcf9e12b7ab8ed37c1884b2ce92ce160a70f45a22c40e:73644e454f1517656a2b7e506a206ce4433603e96d7c13'),(23,23,23,'Login23','bc37ef585e4c355556997dd5d32261a97a64d3a55fe50058bd55329a44045152dce1830127c9ed7e5c517c8772404c460105a6cf6d8f9b54f8a7c02773384cc6:d9a37364d538a16742a6311d46802d2680c6c7176'),(24,24,24,'Login24','f5c18b1b60935798dc9115471b5ae046b54a85d7ce88ce56964eac85f194352b73f7d8d9e970b51aad4d58c68e66ed56cc3f1042ce43e405e70bc365d42c23ca:6c5e2c4e544316a751466e471e1ed722028155d7e50f2e7d4238'),(25,25,25,'Login25','e8a3eb8dc6e27e837502c50b03d50cfe69784677388af8b6c6bacafe4514e7f023738fd4107c7d6510e26ef4fcb963c52982d7a81915a3fdc3a2b56fea16d48a:e64ce740532a74207a4c73deb4305445b6723579e'),(26,26,26,'Login26','90a0dcbfc4faeca2aa37b9a705706de4730049e97a7bfdcf378eaab4e5600671f9ffed82ea4f8249170f930123a25b2cd571f89a6ca2c22f3276582fc2c2c85b:72f7427349660513e76c556c67048e5d634140db3213f4d'),(27,27,27,'Login27','295865166f40f57535bdfc1db807fbd3cac98c67e7dd6a438b7a2eb64fb1ec2b890933685e515afe7697c92cc9954de75863298c91d2f4f1ee7637b942083eb8:4188a5d2154773c954e5e96bb4d4175604e4376255292e680'),(28,28,28,'Login28','0905a0df32f99ef6565402d0d920919367c127d029a21cde32359b204c7130571348bc05f12c20d2148c85d84065ccc21074aeceb00c6caf60f896be8cfed4d4:5137254f71e5480b131885b7349a4ad372d58124c'),(29,29,29,'Login29','de02b11e722b495db4a4ea80834fd8e5ea85fb165801de686f7490a140ddaf22b31afd044929440bdafec05eaaa60813e0d6099c4f490b15d73b7c07dcba0427:676d6f2b67e5534130603e6d348d9e325e191df2e87c8354'),(30,30,30,'Login30','2b3bba3470160f9ac68a303e8d007f55b47a74ab5ad3b03b6a4e6b8a7cf18f2264127f3f6c10c801272b60099fbab50f116814cec2cdff29daf3ad50cfa00d27:f5e7e54367c528167f5d304040626c23a3b3a2c9453267'),(31,31,31,'Login31','228859ebd2c8649e71871f7baa7c94b9ffd10e5e96cb234dc6ce728ec4cb7e998e53349c946de3a7e1609ace28876c60cb0b6c6957af065174a77175be916a16:b242713816f5d94985b14a67716e1164d11b35e2d1b5e4'),(32,32,32,'Login32','274b88c9b9e87fa988b37ced028b892163c8ea56828c9a8ead1791d0fd903f0cc6bb8ed371804499cb0ad832fe39f41e858b334af616bdb77cd2ecc32f9d67b9:41ce6fd5154531673447df7092a3b36521ac2280'),(33,33,33,'Login33','a883de6112c7639ebe81ec0620c20e2400b8238bf4cfdb83b982b8259074cdf3281dfe430b3af939da8ad7438ce3d6b47e705b20b71a0d0bc140db780fc0be5b:2f7f31e667c15730b1a24d264322017f83c2573431c8e'),(34,34,34,'Login34','4bcd087db3856757812df1505856dcd39142844fe5d6e0b568ab478aee026eb4750f1cdcf5abbc55489a0e76ca692d9c60731d56e49e1dc2e009cfb9ca7c68c8:7576a31534d6369421466def2b54718a419e4c92a'),(35,35,35,'Login35','9e246e4da7d346dc3ce3f647ebc0f0839014a597cba5d950e2184fbb9bc3673afcf2d8d195563b64d0d2155d52c5dde75ed74163fa15b67c9db90a6f54e1d90e:881aa6134c91a919e289ad453a75e2a535e3046d'),(36,36,36,'Login36','4b695bc02e3fcd5f1f696112492ac4a668cb91311759af60f4f6e6adeb9e25ac2819b780db496796b39f7aa9b3045c6fd134bcce25653ea8330666e5f0fc7cc7:353123377b0640847a4b2759d6b73c634e72d595a9'),(37,37,37,'Login37','0fc1b2f2fb9448a619ad031c1e5f788da22d5fb63bfa62db9820cb69496cbc8d64b9dcd271f2befe8cc3133a36acb4c6f441c3d912448ba80b9812956bc8f7f7:604d707f7b36b74347186a5ee47e06b453ff'),(38,38,38,'Login38','1dfd74da3bdedeb3ca7617d2b1c7990a97d8c37339df9c46e1ac91a77afbb329d52173d6ab4d434859000f94de014e7f9ae5fe7bea56ef00b086e42fbaf560a1:51478e7a72fa133dbd1fcad1384b175a5157993356'),(39,39,39,'Login39','abf66af1d64ef0a43083b9d151c5a153ca0002b16de6d847612ae2e09d6837fb2b25f73dd61cde4297c937d21ab98261351fc3ce822593cd85ac959181e08bf9:e6f5ff246bd5497652256d5362191aeff7924391e6773bd'),(40,40,40,'Login40','44d3ebbdbfdbfbea80f7a819dfa80dd93eadd20110cac26a531745cc302c7f1ea744251f767a064191e0b6778b98688c8e3354ea8af76fdabaffdc0dad2c13a0:e197e458a07142a51f4642f1a799224364526d655c'),(41,41,41,'Login41','f8ca9c14f85b39bf6bcada1fd761affa215960951e92b4959fb3468bfb6b6ff725d5b2d250109b735ecadc45e531628f96aaceddcc98596827ae655ce18d313e:21a4e57256f1695128bb2f42442f1672d1e5a9b7c70a'),(42,42,42,'Login42','d0db57eea338dc0364f28250e789ff0337d07fdb071f1c21ed2af6c79ca98ed5b0132fa0bedb9a17ce907fa0c5b37ad6f9578331712c9e6ee46ded66a2b53dba:d24b4f3a7e3c80dae23e281d46f3a454686013e155d6a175f'),(43,43,43,'Login43','47940ce29097b9d21e7f86b7b5f969ef6d5efb19a4c0f6b40f147db6b2e5997d232524a7b0d1144e1304b208a09d3998ba4d3b246cd6a2637ad8dbfabfbf29b6:c647c7846ceb02bdc1c514e5f35363b60e5272661f'),(44,44,44,'Login44','4be50aeed9f767ada547de8671b17757e474d64c928590fe3993e0b705f74e24ac876f259fca655e8f9f7dadd63a09a19678a6550dd1b01bb7bbc3f6080be756:1b2d266b5e24c0f3b830424f57d63216955735272359405'),(45,45,45,'Login45','3bee9468b41ae66a237239cdb0183a37911c91ab7a94a0c6bdf84149a9ea0af0e223e4b57bd22747e08bbed2c8028cca4927948e352cbc58e42bec856550845a:f31434137a5bed3ad56b1255f25f1516250315481354'),(46,46,46,'Login46','58aeec8d0d0cff8fb16e98a05acaab02b0455813fec5aaf489791aaa3b9ddce83cc798606d9f36c50244c56865981f173c40e8eb2a344630ceab66c4024ec586:1c0d58633127e4597a83365820e19da8365f05d1'),(47,47,47,'Login47','fc55510e00e620eade9dc0d907f15118bd83d6896775437b6f8bb9b921ebd503d742d7c8628668d05bf00867f24a3de65fce1fa2fcb7e5517a542a6f0d091c69:1c18617b7d5c3348f346f6aa1f6948884438df86071a'),(48,48,48,'Login48','6fc21454ebc6b71f813f67aa9d3747a03d14321dc454b4a27a5ce2b27889763babdb1ae79cbb8689e692fb32182133a0e989c40d56f106ea1de740e85b779b9d:c80c2741c57184c682c2fe20bd4cdf2943f5e5ce755e'),(49,49,49,'Login49','9ceff70c17a34dd6d019c6c0a62b912bb3eee55f0f632efc831ebd26679a94207cc39a8f0b10ab2ab1e9ade28388675884570fca948300df75d8b1b81a0b725a:fce1795817d62287588e2c5b14f0675e03c204b96ed6f45'),(50,50,50,'Login50','8474363be5f9d3ba99e093f153bcd8e6008a186e7b9ed0868c04762d85ea710c1bd6f9c4a036b5e3194fd647a02682a62d829a634bcadaa7172ac9aa88e0cfa1:ae651b75227ce1af30035fc737d1f4f74976704a10'),(51,51,51,'Login51','c13ba2a5439635782b7415261e5a685badd6824e805e63d70274ce4d06c75d7a1dc04521587b9da395d617cc177f45cf8b11641636761bb6023e2b17ffbf5f6e:7d1e6e51413734a127975c374742a41c444505d7476'),(52,52,52,'Login52','400734ec52e4ba3cacdb49f92075b2a6fd6987bc31d841fcf567f6ece5b5795a0aa68d0dd1991b017e1f6997a706021bd20ceb8562c79798ec79dbc6b036dc20:86cb3f25e514a05c97a414b7fb93db5215d1d6432572'),(53,53,53,'Login53','5ea971d93f78038a93a346db1d7cbc11b9bdaddec5296daf12bff1ae5528b27e9faad99dad97bd27e34eefa81d8e8d849afd37d036863fb4de0b8dec3a93cfd5:1a3d76b59d2a6860202d7428536cd4353ce2a60486c8b'),(54,54,54,'Login54','390ce56a2f28dadb59f329355d0fb69c3306a2f5b8401747d11e9b1c1bec8e448492e3fddc6f216a6062d85157d7b05e50598912ca5b93bd8c164045a3ba3f93:264502837363aa7b413b34ba6752373633f316c2835'),(55,55,55,'Login55','9801768f14957a55bd1d30f768df3a1ab6e256a76eca672f8e9650459c696125f6e5c086a55f22ac77c0c8e96d0ac605e256b3d2ec3055c671ed40ea750607ce:461f39a74107a45c787433635e40d327e15b1f1b13'),(56,56,56,'Login56','168755317d42ce2142993906eb813e7c1cbb3329a5aed558b63ea1f1e84d7e1e144c2033ecdf0694c7145aeefe2ce8af3f5a6e0b1a776a94ca371e97f021719b:97c084715b7c2f593c726ec5d073a35757a96b527da'),(57,57,57,'Login57','f1daef539b562253243babd49c4f01a99fa9e6cead306bc98343d40648d65deafd3b662862c2332b5d8a1d4d4e2343fc5dd86c2f1b4919d1795c1baab6db463b:7cb34562859146667e6573563f501a95ff515ba28571876c39'),(58,58,58,'Login58','61097c364fc9878e3c738f7e2dac04feb35519535b53ff4636d19eebb6423f8fd2b88cc919580689f8f20bd68744477e9155945e155c222cea6c08a0637d7fc0:c3a4908565d2c5b22be4e313ae7d45b596f4cca9431a4c'),(59,59,59,'Login59','88a2de5b94023e2004ce8054509059b5600631c3d8f478099df7b11cb7c7ddddf94f0fcfc35e855708d0c95c243a6a01eaddab1a690e0eb7b24e619f919bcc0b:4a545fa3618691d2f3f3b7c34a7e4a2f2eb27fe'),(60,60,60,'Login60','5abb83b7e2bca74fc7cb0543e1ecf3f5de50418d56b7760cdc816fece0452ef274e197d003eb726c95fbad5cfc47aca23469bc66c7d633c2e4883f2895a534fb:b13d6d14426feca1c707d681406c2c37c79fda753b39'),(61,61,61,'Login61','2631156ce2b02d5edf85c6289f0e2709cfffddb676f4e843957009cc56fc45eeb2c3b20a7e065985788144cd3de112a20cc7c21d279df702e0919d61ba59955f:b1804b9ee6612e021b4512552026a6ebb26a976f718'),(62,62,62,'Login62','0b901330d9fe4c63f11a5d176429b8bd0dd56966ddd1b8c2bdeaa3b9cbaf1e39bc2bce77c165cf53a9008d9e4a8ea55ddc5b2e908628aaed71a966d3a7ae3bb6:66a461ac3d312736e158601e3d6a3602a151d1060848'),(63,63,63,'Login63','f7632c75616c8a5815a994016e319ac39d130ed4af51c49ac04d6fb3719d6ec699ebc69bd22731108da0d16344991eeef171ca01900fc5a864f475db76eb72f0:ee91292bd9332d3e185a4c135df62c89e535228dc23d'),(64,64,64,'Login64','c762f280380546436ebd4a1282495d786be8bfcc97de1b199658d13011f3f9e2a72bc63ea7c5a0d25f7ba5ed811a01f61b403d95fff966cedd4a974b353a324d:2d326663928b5e63c74114b3448e5314396e4c425e3bd23'),(65,65,65,'Login65','a6036b26e94d4ffbd43f1a8064162a4c231105fd049949955ffbb07efe0c7c39fb2fe6e41c29ff7240f35fcfa5f9d413800ae4196473a4c9b7911656441bb919:4327681842a0307116254261f4969260981d3a7a27599270'),(66,66,66,'Login66','bcba531c11ac630e6ab7505d2305702eaf0a94d1a6f92503d39c93619716671530ee1604574ab58bc3be2a3a6ac5b8165c9c281417f867b6a3315a91bfbf7420:780f3316f7a151e2f56c4215d78248281f1e3653029168'),(67,67,67,'Login67','ea83b8145437d7a7d4ccaaad8d3211cb1c48227eb70ed82c446761aac4acbe4c7e401c911f46237804db8577a8b12ea33eb31fdfa47e5e0708791c8d28a88b51:68f69de40861555f596457417f7006eb67b29f27'),(68,68,68,'Login68','759766cfb135f23e4c9155bec75667f7c886c5b0d9df945b9549af05c891a46c132b583272b0854f35807e01456642b1870c914588bd8933319ec52b17a202b2:b465c6c3f7bac5102b5c24e413083c313f2a92612b'),(69,69,69,'Login69','58530ea704f490b4eefc376f89e3e0d34636b7558200ef30aafb13e4bf60c3adfaf43631e5c2a5b94edf9ad9712fa0c6cbfa8249960b0bbc678805cbd2887cd1:45a7b8226c6a851242e1997f616a27ba7654e2a7ed815a'),(70,70,70,'Login70','d18ebdc122b9b66f4be375813cb9f5ef93496629d70f4a551ec60f099307b3e3f4028c25e280a4db98aa42c50ecd678e11f774e834a587d1b3d20f2077a39fbe:d24810050800783f7e6fb23970492e714c96c11f65c1'),(71,71,71,'Login71','7261be25c70810e3782ee0cd1dc93dbc9c117a2351f6cf11d1cac95b64fd9844e8ee5acdfb043184bc8898b1095ead2aebc8715424a86d79cb5a3fc7f3e06828:160611615f73f586096667e961711f2f3e156b0419c'),(72,72,72,'Login72','8fdf1daf3e00256c3ffc54fe90bea8286fe16070d2018aaa600e170ad2c2836192df08782f13e3e64031eaa76ff5cf42c94774d86574546523710adc0ba22f53:33718c50892223574f933a77656d7f4c776177c'),(73,73,73,'Login73','aaddf660006d7b41add578cc42c334af3eee5d7c3fbdd7ed30bf0c3cc1f22fbbf1db299eb6085c62e48124f8d07aba5a7f28b12b11b01f3c0b51dffbe117a035:d70365fa517449892f142ef42a3711614c73585f'),(74,74,74,'Login74','9c825f9eab0dbd5136b33bfadb85948b80fadccad1838fb55e063255c8068a81b0b0086b4ceaa6583e1cc16eead0d618cba382eb861a50b336be61ec8f1a14ce:58797054e5194ec6e73679774e7043e2133f06e770c196f'),(75,75,75,'Login75','7fbc85c4de92272fe2913110dc8e113d8e2f41b28846d6c3338bf81c8744a3d5ea36be81e3ad19656ab50f36392c887abcbe31d219bef1087377954f3eb39852:aadd48448a73702e2357e61f3b4ae4a64541db14'),(76,76,76,'Login76','8f71ec545388e2968f516b489024c7613b14ddea06ea9eaa09259db0234db2be2b8f0c6be2241ce099b5781c4c7b699c542e9ceb3c0e976be3d65f1287f5f4be:1ad87297746146118474018c6e8e054204369f14'),(77,77,77,'Login77','d483472c995173353dc65bc12aa2724caf51962998d58803687e6840a66f9d0198d18eb3e8873743c377b02e18068a5a0ee2ed8b83444e82279c2dc5f008193b:256279f633fe92134716352553d5f179627817328395e45f'),(78,78,78,'Login78','d33ab7c34f4cf123a7ad033d1cce1d8edb942ec415f066ab533f7460d0d28ad3579d904c5d7d670cd93c0e11b0243c8d7348877a3dc83dd85930b18e4ae15c38:63a8d85a422c5652a45635d1805a82b83984523a2f5f13'),(79,79,79,'Login79','4d357d9184f49e3de781b65a6ac92fed5188cdcc77004aee9805be766b0e71296ffdb6cd384583ef339101f09993719f1f9440e780786a13cb2d8eeae9c7a451:570c69e13c302d4a231d455e41484b1e35869544226e33'),(80,80,80,'Login80','c0fba198a4fd18ab5461f1982ff02d4ae716a4495ce9a5597116d9c47e0bcbf6a9b3627405bd92ba47a412f29521d903858ab3c14d85ec3c33db7c81efbcf5d2:6f403459205f6b91b297cda7b421b43ec5c40352724102b9'),(81,81,81,'Login81','e3c5d277e84458c22ae4ee120b98b61fbdf56920cdfc51cd025b7f7998102976e1d9fdddc38178d18972e11db09182daa8838f6ceea2d7cd2d520b4efe7561d7:c5a048c8ef46a31fde24336d38cb6194577d28b'),(82,82,82,'Login82','5f5eb54e9b145ef41427856f15a433ba77dbf12defcee44395400abe454d08377a274ee578571a63a73f7f4af0308bde764ce4b3ca9a623562aa85d5b9db5a22:176b5a79f1da1e975d846e1c2ed64647075c75158664'),(83,83,83,'Login83','5d48934ed62cfdef19ba13fa687abe6cdabb53cddaa708832a6d0788732cfad18da70ac467451cdfb5861b091ead5d7edb38a93c54d902d99e09772878f168dd:7c332621b1655238027e5f3f24946046a2851a262f4491e1'),(84,84,84,'Login84','d9f129ccd7d0f2fdd8ddeffd7c4bb6064acb1f38df80ad2720dd435c4b1d648001282408480d8d95549f375eaa2158e4740bfeedb23294fe458f4f8eb4e877ab:415cb355924e2341da193a3c21333b162c3f185d8a14b5819'),(85,85,85,'Login85','9c29749281877fa1dbe7f00eae8d2d1fd1ec2d7b2b9ef6e0aa6a3e9f244503eef4fca42b4f9cbf17e0a35d2f415f45162de57e67eea7497032401d66b83fbdf0:1f3c18061703720b464a61212975b2c445654c6221'),(86,86,86,'Login86','8e96ec6ea62406d9fbf5491994a730065beb8fcce21a7d2d84c0faddb601708bfbd9e0e043a58478d54a16e3894ab5edbf8b93e3cdf61c42ac143499fb381453:449263176100158bc5a1777645e6a4bf617c4439d6b6ae'),(87,87,87,'Login87','f047fb1b9f784c32f7022152215202eae8019b5956852213155095c4b3e0d079fefa847ea512d3a7fe49c028beec17459b7085e3cca7139fed0a4adbe7ce16cc:031755736ed294c2271bceaf6d21257485e2c6477'),(88,88,88,'Login88','83b0457e8b1a1ca90d80d17a968650826b502e697108180a7e86d70726d0326adf1869862db518077ce8fd6f63aaee40c43169531738da79b2ba22deefa9cff1:b973161f19755643a384f6d809934c763b4833216f57'),(89,89,89,'Login89','c9323b6c8cd376e7d8fada5d33e5078206cf55ebd58364bd57b17cfddafec649605a47094101ec3a4f386bf9fde4029b5e3bdaf6baea5a7695105dbe766b4494:6b553365158fa22bd5e62e31d2fd0282666940253f2d'),(90,90,90,'Login90','435391794614fc8a4f071d8a7a4ed1de4e3820270a8fa7b74084002df241d46fb0e6e231929952b8425d29ce6a5952b91237b560fb62baaa0641a51493000301:19e245aa5ac5495118788182b0455f3884862e1f150bd2'),(91,91,91,'Login91','cbedcf5509df2171c3f806d0ec4bfeb06e76a7b4300a2583dac33d45613c8837b20f66532f56ad301c12596d6bb062755cb368aff5edd58f7e8f7ae92666e651:f6e132f23621b167be68514ad21010506e5e46439'),(92,92,92,'Login92','e94cb7b2a123ae9b3725c1f194a86076acc7ae82df4138cc0af5dbc7af1b5dbbfc90e475d1da6ffe9821d875a3f3f2384d762995757fb82ab2f95d9d34f797da:2818306846152e3193f561f1803f236bb675b1d6ce963'),(93,93,93,'Login93','6bdcab53ccfe8c7ee958be70f0c99fa2ed603e7e3d3d05488c4ce2bad1f493b43973182f380253d7a57cb25cb05ebe4a39900b945086b13d885f0dcfbc83c23e:6c621656cfb761c04f69073f41cd0c584916e4f3e47c59'),(94,94,94,'Login94','abe0155d659dc0aca3a2d0e37fba06eba0d036bbdd6e49a361e03010ada7f338a4e653ddd06738cc7e8aafa158f0c8a1e5889b51c7d0199e177a75afb5b138ff:611614b57eeb46e2bdb378ce501df175702ee2'),(95,95,95,'Login95','f87f5196f5de3f35055f2531e47f2d13e3725d81781269e89755d3c3cb3ccd2e5b5891a7452529c647a88dfbb0cea30926bcc780f1aa972df7f4d9375071a0ba:406f786a5391c3e4141635932717f35339e6876358764d'),(96,96,96,'Login96','6f004fab6965dfdd9d5238aa9acdc37af26a59ee9e3fddd66d49bebf335df9bcb62ee028c1c2c319090e57b391278a916dda71115967a283fb9d678ec858ac6b:55c2b2c7cb121f548d247706eae6a6c72211bcc779186a'),(97,97,97,'Login97','0ae498ec4b3d546d6740d4c4251972c607d545c77031bd077c3b3a96aa948928f4ecff514d3932b2502bb774372b19fe9c3af910c1bc521969d67e2b45774286:106483a253051c5836a4f3806612f137501732267d37d'),(98,98,98,'Login98','a89406313a53f710e8b11d281378adf22b99b669b1b224acffc94c21c0a7c2b38b0235f245ca77b85c31c9c6b5bdb4a1c0bdd1ae4cc72c5da38960ad92dfe0eb:933ee9511179741e4585f5733789455f2353b3170695f7'),(99,99,99,'Login99','a8a3e188fba73852215618bcd06649181ec6ac11a8f9c0aa760818422b275ab8f50ffa634e20c609c1b9baae5b86c6503a5848742e816da70fba45a4f2c49ccc:52b3a7b4901d12f404b4614565565940a770638'),(100,100,100,'Login100','2cb23c644ec0d93e28da49e70a2498cefebbc54bd2c4e90b3e57465863b31c43f57df1608b2984516f9b573066eff32d5e32e1bbae0b2c215204cf02c752964d:2d2924d9335bf465950a97705e7add7d6d19632e1492c1b'),(101,101,101,'Login101','43f0f2aba17af8ee156b7064ea9960cc33a695779b2edc90d621f5e16bfbbe6a9f8f217182e27d6564ae35c971d798fa9cb4b14eeb358ae6a3910a02b3cc2f44:52e7a1765014b255cb7855a42e22b7b9df2854948f40'),(102,102,102,'Login102','46cc3c6f4178e42687a2bb093591aec2d294d940f4f8a513a5d38b0087720885c20d68af4159e5a70b544038ddc1f4e6917968dcabe66ae65e38fa9feb8e83ba:13a673c78207203837176735b861c435ee5b3d1f5b26'),(103,103,103,'Login103','099d25993e1f04b8a44e1d8a53e4461600be9453e159d97b1d1f2ba33eacf3562b3895045f239429027261dbaa212c4b6c4400a2b62cecb2e7b106a86c982dd7:d2e180237247653c910736028265e1615135c1f3228080d76d'),(104,104,104,'Login104','414bbaed477795d802a7e9f48c2ec61fff2a51a712a1609eedc003789b2f9eb8310399d9fada10f3a645ab8575880da274ecc62e7d1bff394440e6ddd68e436a:1741533543fc2d8c286973d7d7f4e1b04a9bc5786a971'),(105,105,105,'Login105','c021db81527fd41828b9437bce9683852ca0bb10ab509ecb188952706b02c8336727928f75872706fcc619a986707a4cd2b9fa7fad4fc690849a9b0185ec4217:1f2dbda543d6ef7126b1330946ec56f26775d4191a2182c'),(106,106,106,'Login106','3535ec7fc66bfcde976b673d3710d966499156a2fb1a582cb51db932e3ae9da6f92e4e39b34065d503907343c62234fd4eb46d6b1ea559589e7a670b0fbb76c5:c7c46807b2c2ab2437664fb2b640750609b56606a2a'),(107,107,107,'Login107','a28729e09c7a18ccd34ba291c27471f90ecf791f801ed66480a26230e9d479070b638e20d9264f9c66d0663658bb1b57047985df9387e7daea429d34d3724e98:8bd21f6369a788455d7473a2d14274251c8567e6f7026'),(108,108,108,'Login108','e432b02d9c04a352c3493ec18eeba19ecd4b1a9ff01a5bcab4a5884a8ef98de659857474122654256dede0ffe0a553d6607d0101cec9c96feed21c87d15d3e36:854a29b6539141342d1857e1976a3b250c28216212a'),(109,109,109,'Login109','5e5b75aa0cd2989ea73c2ec3938d3eede3ed31db8e66f5e5ef0ca7e8be3894ce3cdd4037a61e738ef8481ff7bbfe4d7dd6ac5e8c7bd875aa0522c3424a602dd9:73c470606e212230e17f342f7956697566567c2f574b2'),(110,110,110,'Login110','b8d1f6018f1aae62268db9a040307a915c488ab3efb1ac60e478b312f82cd61df87a17d62f09a04d39112e11b831ddbcc2b5e3c25e03deb098ad4ba1072fb7e1:3ddf3f27554466a54e8486c0376454c26ee0a7293f'),(111,111,111,'Login111','7b2c555fc944baa1020034907b887fc4db87a2fa7c437c2b7b9c5503a007749b8d36bae9c9d2c1324ddd9d34f728e02d99f6356a5cf45026f65704fa88e582e8:525517b78ee612e91c3a7af194ae254a802fc77f'),(112,112,112,'Login112','132e927b07b613d8872b64fe412a6a7bbbbb43ccb151ef5070cec50e04ce18377edc2d08ed8587e2fd6d17d9647e875ed1fd7bb2ded2f24298bd84e7b3d9b0ec:758d58c68d45f69223ab2eafa4c7036b123a'),(113,113,113,'Login113','59d7478906fa99cfad02db4e2abbf25f91632ab24d47c90ee3969ec9b26c3b4bf3fe9df651771e5047d6805cc169f0a2569104bc39766c8e4c3269d5262df036:3c3647c657cba15069f25535297d5c317aa3f4a4b5b7d'),(114,114,114,'Login114','bbc9847cb44a8b665220edd1b805041ad6ed96ec0d7e7b696f867069abca33d422c41ed2d008ac58129de4dc6924338698a1ed487d0273a05eda2d7f26d5be29:3d5554623376303dbfd7f4dbb286e5036a7f72830'),(115,115,115,'Login115','6df2d6d24ee5fe449a88c0622901c637a384b24925ebe6e0c67b55710316774eb7eeb264d8e3eb9255d2e6019375c81969563b490c04f37ab36578af1ad4d6ef:cf5d7436fa4e2b352013ee71b24117070e42c545469284f'),(116,116,116,'Login116','911c016ae7e9aaf99bd68a689a5f50881bdd9c7b76c248fd31b455eb42a92311f901f649bafa0464bae71f75e310029dae0f643a96f58527acf03b03b2c6906a:0831494bd62e309e0405c54ae652548fd417a5'),(117,117,117,'Login117','2881cdab4d71092ea4ed8596bf44d13cfe06f101d78cf52d985cbcd7abc8fa31fbb3f9f1413f68d3e4bdb05812966079c77cfb09c74ba54f15ee4afb2129a91c:a7707e1713c7e02d74f454301e649dd66577661'),(118,118,118,'Login118','292a44c5977609855c52e49fcb78988f1a30ad40277070a448996a56ef3bbe386df350c300eb488ebc2dfbed153ab0c331c0cd4e58cc630bc7163d5326ff6dba:88b123ca51e84a3774823412d32641f7e4c110ce4'),(119,119,119,'Login119','0bfa00a85d7d4f8e0b2d24b3c38cd6908423fb4928040b5c95706d7380ead857c013afd542e9d6e2796aea03faca305cdabedc9906439cdea75911fa2ee1d14b:d6abb637475806e57579f32ef3cd728e187f7a7d6349d4'),(120,120,120,'Login120','7b5ebd70c265b111f9bfff8f851963d9aea07bdb02a05528309ec1b63cdc0dd72f2a8c9b1970b5b38e1b2c637dbd41b9c8a155f40e85dc007ba985263b07ecae:76159af5261555ad62d82e54764712428461ea66b1e64'),(121,121,121,'Login121','438835ec568360105ecc6ae2363cce13daf5141390c3d0c4012bdcfc964537f1b5a9a938000715ae789f2617457dc20dcd89cff99de6ee4ee19b177ab6f1acaa:18505c7b421d25147167cc80628b16bd2e483f5e4b240'),(122,122,122,'Login122','afe9ead701df334735ba08e341b6d15bda40e816d470ee0c7df3b7b1265f3b30e19369c140cda1c0c5009d6050403c8e1004cdb13b2a976b435fa1c378478cef:813075db72631a1620c336de54473df451194f1612ec34'),(123,123,123,'Login123','920c346a587411b2510a9f46602c6ac79939126afd768e083c5c64379dbeda3304d6975b195427caa895f0c9993515aeb041dd46f9adb5560af79afb4321a3bc:19203423821327087b6488776406d68905c24cc160d48'),(124,124,124,'Login124','0e8b11f5f062ce3de95e4b695aff23ae9206b444fd4d172d2f7680727da44bbc90d2b4a568bfc122b774b33bdf0d3f45c44eb46a1cac6e40bd0b3f5fb978025d:522ab7ae44011ae2cd1621a1040f8d45c6d1e8ce1253'),(125,125,125,'Login125','5e24b51e4bac573a7c458164e78b1cd223e805a0549a1ffd7942e0094d1d813e260cd1a49298d5e625fb2b51c97023d77b02156f2ccf27ef15c0937973d9e836:aaf3b3f9141747ba415a327554092f6d76731e519e48'),(126,126,126,'Login126','ea359a41482f6b915dac1af4641d807130a3ea0e9ac2cd0833e3e7686815ec571ba2a1f1ab0799f3712430ce8920caf9cc1f131587b608f5b3d0f1e19f2cf521:c2bb55227111578275f6d5602257b4a23685bb2a2fa'),(127,127,127,'Login127','78d4e4279643b567e8a3596176dc7daa1ece8922dc64e8e1f79d3fc1a252f5c57cc73e48cc2c2aad54178851880d02ff89c20eb8628aa571bcf1c0a6d5e7a152:15965ccf282b5252380cea1f691894550a16d21d24a'),(128,128,128,'Login128','5c3162e090c966916c9046f19c20c85a74cb80dcd071111d19b7499a908f3ab6a92e06702406cf74948bc8e34fee8197e5768c820c237ee29ce32dc67fba5bb1:7aa4df86330b37ef6c306c7a1d56534978019b2a945da6b73'),(129,129,129,'Login129','771c7a80d55b5be80d82ee856acbdc6fffeaebe52c2de3c4fc047463a5dbf36f208d880571aef80dfb9f6e194f9e59064212f2e261c769de1843e2e889fd5b36:c54a7823815155a22f563b1890a6c65fb3f725e4e4741'),(130,130,130,'Login130','a7a375a6745f6b2418db9d1dffba69ec947664183ac835206710a2558ca40bff55868d9c77b91eaa03566b1faf64325670c7a06c290e0ae77938bacf66cc2d46:5fcab6e5da561824648a71c388e77b6606fa435'),(131,131,131,'Login131','431253cf945598a5ac57cee7e1d9756e17652ad0ff5c08eab858f8239ea1e53ef89809cda674fd8c43fb52d2be08919b08118a31d3ad48e8f1aa10aed39499e9:b72a1efe6439231137643e2d43dad2d7423cac5167'),(132,132,132,'Login132','86a2d14f899fd3805a50e9f4a3e36e5e41bb1135e9c045136ff5482fa286906f85491ca2b3efb054392753f8574e7ad2908c28c4af887a6a3150f8105610c7c9:56d1b75545b3613c5233609132e15147913a5a424316591e2dd'),(133,133,133,'Login133','f829f4e3cbf47455635ebf2589127292da83ea35fc6ce404b75ec4d57ceab99474b564762cbb7ae5f65f86715fb3821bd0969709aac83e4939b010cd3048c16f:0253f52bd34d3a151015463c37255184e6e785595b50471c'),(134,134,134,'Login134','04e69456eb3e0a42d83c954e5a444ff39337233c7b96936f10cda975bacf3dc1638493c3f4d6923bb18f9d28b47e20d1c7ffa118613a0b587fc7381cb7933fa7:5966511642e5cb445741144e03f4d476185848e8d55fb24d'),(135,135,135,'Login135','7cb46bbfc5c9ecda7d889e162e52ad6dd544d2e036ef6ec03c7f64bbecc64db03e1ec6c840aad14417b2ff4043349c48e7b0670747451ef0bb4c4675040319fc:ed3a2d63f2dc296a4d2d635c586f66c243e55a1364659'),(136,136,136,'Login136','f4ed4f813ca34772eb5f9e8492f0bb3cb5e726f7aa21ae58442edc1ac1fae0daac11e5dad064b234176551a655987643516cee2dc1438206e3aad1bca4a29031:7c41e40d6df65da5ee159475e872106ec23c1d'),(137,137,137,'Login137','e1fd0366c3db09a747216e7ddf1032d48d63e8bac931de25e6918415a1a66b3bffd51f8bf20a2181954795afeb2f3a10bf25567331c50565ed9dfa6992678967:5115596461513af93307d6503757a5308a2e6d44'),(138,138,138,'Login138','d5956b178950d5312a782c209b48d03d95282c2c32983475e01c57b304119d8b06b915656dd81d7ebf132faab6f6e04b9e7b0d306212072e64aa351becb6cd43:e710c7269b1f0246b27f55d376eb636bde916f4f6d2'),(139,139,139,'Login139','1506bea89df606dbcf38b21f8bfe485bcc76869c0c1b9e32c8d631854ce962f163e5cfc8f6860848aea750c8ddffd543f7f3bc50344c4d700e715eb2c430b88c:14d652e2027f070215c705a6b5f369676d44cf4b70e6ea4a1'),(140,140,140,'Login140','5707f7a4029ccc1699e088a894326e28050b52c451339ac7299aca831b1dc5ff8a7d0acc46afa5c522ccbc82f2bd3ebd8bf5d7e11e5ccce34c942a9e975e1b25:75ce311e827d5928498bc77436837a82825ced74c'),(141,141,141,'Login141','1974e970ace35c827a0f02897d3bb4899b1b3db92bf242df6acfbcfa02a7f39b53ebc0fac1571eb1c1fd438edf9b31ca7fa1335e048e1074faf24993f3e4aebb:35350e327074f3a7667582b6c706614f766c66b482b505'),(142,142,142,'Login142','660f4d213a037a7461d094469fc2dba0f61b9ef6ecd257850ff1a740606cccef898718da90962d83d71516ff0766f3a6d9950559ad5bd60a7143d04c939116a7:52636266341536ee84176e048b556f26b2d171272c64'),(143,143,143,'Login143','5399d27b86a4df4ff8f2bccb0ac64044a635cec8d6ed27bb0f74bfe97b3a92f28dab06d29a1222eccc9c06263d33ccf98bd39ed9100e3dccf22d997532f9a859:64293b7515dcb7d4f726b38183111297283e41e9b6710617f2c'),(144,144,144,'Login144','c159562f89480981e7db962532e47aeb630b375344920dd486aa7ea13153ba74d5a984d07a0ee22e3e63118c3ee031d3c222aefab8421bd234b518fd55bf4066:4f4f20a9e7b3179de3dc312c35292461406d5424d195c1c43'),(145,145,145,'Login145','f93fced946faae548642c619eaeddd756de7452a958b89b105f895dc3292243cb2af05a38bb5b8853ece8338bfb6b278fb3b1ab0b4f81d1e591c34870c0a6582:2c6ba62894ea25cd4b29607ac8b58954640b72e7e8620'),(146,146,146,'Login146','9e41aa8aa408198caeddc8b65394f20de9f6f733477d53afa62e77e54df5a14472e90ed9e6687612df4f089a343cbb47bb72fdd62bb6baadb957c7938cd64c24:5c264c634f5e6878ce9d4e892f263967c8b3a779e'),(147,147,147,'Login147','71b35ccbb73c5e91c38b4a36e1380e174032e3efdbe62db22910ac3c61ecab0f623137be4d02674752f85759ee9407ee2eed5144b7d5a538793708d73992a758:07c55da40d69e5428d12bc46096a25c3f76d43e5c'),(148,148,148,'Login148','5a42c3e1bef067e3c0f42bfd2a84c4bc8cd48a53dc3f4bfbf85c96916183f52704cc940a602fabde04192ef2ef24204fde574d16644d3d5f37dc35ecc84b7e26:d35326c4b5673138205695c330821b6c102e2b5a40'),(149,149,149,'Login149','2d2df5cea3e6414a25d5cb2d25403d07ad8d1353342ecb4bea08062ef06f084c65773e096573385e71d66118e1414171031788d9c76a82b86dd77d3603869e60:4661ec7025ad354d2f45233a71383e4a6112745b'),(150,150,150,'Login150','18424e33088adfc8ae45480354bf4086c633ef4e069e1591d4948b3f7d9b58306c20ee58a8239d180e35ccdedd153379eed140a505aac73eea579cefba785711:5612ace749716d19337a6d53614967327d11974413339f1'),(151,151,151,'Login151','4377b7208a46f62abfca8eae2b815bcf55ad8c72d30e56e986247cf2538936a17661ee384e5a4e16e84dcc8edc22e66123471401a37e506ac9950fc5b85b1b2f:7474b6b39f5d4d03b1681aae5ffe35766b1e6ee44e2'),(152,152,152,'Login152','c94a55e483184ab9cb6486dcf008d0a4a5a366c8eb2d4a8483d5bb2fe2e0bbc2d2c672ef2ed229f8c22becd4ad8a6c8e35302790fd8141381f07bad5c61b4c89:c656660478476f6b60614289736e2b5364a2246f'),(153,153,153,'Login153','ec416d797942cd53efb9fee36e38c1ed5eec9f4487d197044b185ce923c970ff44a6f0b86b00a5176dc65463d783f4f31122f1e6a537f1b64e404d2387ce3123:65b7162623047d2541e762e603277572222334627225c12'),(154,154,154,'Login154','be755cec843ae292ef9d439318c1fc89a4b83a949d3515052b8010b6017326db200b9aa69ade54b08a4584531c8dfed05682953ec811c3a9db624d755e327fe5:78547423d4101c749792033ba6a1d46726729d066d2c2e'),(155,155,155,'Login155','dcbf2530af09c7dd987f81dd1446431e413247393c3ee0860bcc3400356838eae745488b7ffd21d22f2a2fd1eecdae1efa237942200a116233e3e98b33c9b633:54a93430126645442387a527724a93a1336c8a60'),(156,156,156,'Login156','274e1e0a4ce975dd3c59f4805782904edab202c7f10a0379f6f0b644d264191856f9b755b59d803a49b9338cd5d03a0108e3c8f7053b260a6c8fdb37fd736ab2:5531e7f101df1d63923371744576d144383d650cd5f1'),(157,157,157,'Login157','5318fe508d3bed4e786d359482c4c59fe85387583d02bda8e2d58039b7c3e10f198c0e52ddbeabe51342199e2680057ebe64179a9820fe53fc3a2ee9c8391a89:5161873bc72cc45f447419ce810c8d2852642ea91d597b'),(158,158,158,'Login158','25fef4db7c0924d7c6220139e32c079f604ed35280e6a0218938721c350f86571242eeeff5c864f63db4982e396a40c663b2a7ebc2a14fb37cc2b80d2bbbc155:5167acb2a58105c0d3012b73461c596135252b473d06e72'),(159,159,159,'Login159','ea4499530e88335a2e37bedded745cdc8cdccbefb35461307ebacf31f7eb3e7c38617b179ebbad0c5cb1429706514ebc124d90837c5364181d2c3eeb08be9d37:e67d13e21d2c820663752e416e4527a1f426d6f21388'),(160,160,160,'Login160','8605700253114f7c28a208ab5746fa578dc24e9dad130855165044af741f9585e101b2c8488fbec9beff797a979bbc634edaf4c5adebab668af2ed574ba2c4c6:3e66e527a61988f1fd377f43f02c66ce021555f716a165'),(161,161,161,'Login161','682759b891fb28a16c36f518be44e442cbe96984571494c7b73e8ace94248057e805aa9920d7c59c046ccee33adc9f3c1c985467135cf31b5458f4f0cd4722fd:3a33009617f323d1562f7f3dce156cd02e41225f27'),(162,162,162,'Login162','f81a3cd6cc146575318e57536569872e53b6eb0823612841906a503cb5b1551b12fc65e940858fc8bb0849a693606b1db9122c16b1ad843b845d5ea42ceab778:a2212f118532d99e486715c9624dd33c732be576'),(163,163,163,'Login163','c8c3088876b9a57e2d663dcf00b6fa8cc34aeea2a51fbfcad7515d6530994a71af53e48140864b707b9ffbc1639f4698847c8af62b8a6eb27ccc9babf4863b41:174a9f6993b6252a2bb4b5c9a63242f473668e5385d'),(164,164,164,'Login164','69a13ede8e33ca2bbbfc30e12d510aeac1b5e0ccb47199345f6c9edc1165edd57cf15021e55be09585d4c5674088350dc0f747b2eb157edc2e881b1014749e7b:221be07b8683a4c3c6f3a96e305836a2444405b3d7d55483'),(165,165,165,'Login165','a72d9154a8879a65f01b8ba7ba0253844bdc8e4c4e84d9f393912afc2e0448b6214afb3092fad1c2f04797365d494f744f97906eb172bb9d86982c6954cac3b9:1534971431784b392303e21792dc3304d16b341db6c184cb37a'),(166,166,166,'Login166','1d63569e216e8176d73c90bc83520afce7f22ce67c282485c7fc52faef86c56cf69cdcf490d45f7f838902b8f9e8ddecf4b0d5c1114d0953fbf834738b12460f:625645f26e551d536185a20da587e517c446072e532'),(167,167,167,'Login167','89bfbc6ab06064aed2c9441bd72899d2fa9f9dbe928f001bd38873a8523931c4ad04e73ef119cecfc1b24a8f723eb414e3c409494f53271cadbe212e21134b1d:1391e72c355a4db7571806b62bf04c94b13514783a2b'),(168,168,168,'Login168','14cebc5474157e0cb09b0e943d2f62b89d03bd3dff9818cd9ecf9a18c3bfd8e9269ec0718a7454e7611f578e02b5d814eeaccfd447ee73593cb2d5415271a305:4131eb8076642c52382522009838ec598083617db'),(169,169,169,'Login169','731899d8ec1e73781ed11b02c094bfddf73ca14d03d7b53e827517b3857d8aa7343874a4b31cbce2eab73b837e969afa3e12acf1772eb780582e7cfde371a375:a231271c445654347a6848f4b24e6b46311d19ca4ae5e'),(170,170,170,'Login170','3a98f8de6988635867a2a385198f81b86ea1fb3df20d086a2ce357615c0c0c4e867a1906f540565c8579a31ab88a77bc4d9aca40d12ace0e307e176ccc4913a3:6a6e238087208a30732e1dc3cd35b283b0f49ad1f'),(171,171,171,'Login171','cb95ff18135eb29913764477024ded97290b35cb64782dfcca89b4b1390092b597ba6a0d6fc95d82cf6da9725190b8e91773fb2b74542bbcd0b43cc28ea6d911:5506a8edb4f422c6164b1a29b84d7ab44112c3d2c7a64'),(172,172,172,'Login172','bb8da397c623e386cfb57e00e9b0d472c15b84a271ac7f3559908f474cbbf016a142c7689a564302d7227b736399549a53aa98d39e5ad8c63ee6a63ce96d726c:7b871b1a6d5141b67755b808c4c7a952b5551c2442'),(173,173,173,'Login173','682275c5bd2f035f789bb70da27f79f7013c85d82caea13186e692b2c65b69abe5204e5089e013afec1f324214fd032bd15154c04145a69e5a835f66c6e6e7ab:a6701a7dce6b6771434c21af2b16f8f52b3558a5dcf'),(174,174,174,'Login174','75a25917ff0e6fa13e613ab32e98575e55f4e21acbf88918cb25424a2bd7d60563e270fd235b37dbdca86f1da76812db5ba009b3aa809f06a417ff3622f3ffe3:69707f4408459471f049e8647160782d19620b566221f56'),(175,175,175,'Login175','673ff24a6c149de16e46c16b7021524e8229c587cceb51e797fe9e9f3d321cec99a32ef86b985473a01324edb1b88f6e8e8c03b15853c787d18fbda2cee5533e:74296c333e45124b54b4f7d5fd92b65489c2b60e6823587877'),(176,176,176,'Login176','8cdfa5014a90c1fa4104cbee022fe64d2de6455c574612891ea9857e04767c1f1ac5061174338e31a279b4a626c4f30af68c9b7992efec9d651422410da81f39:e8154151d146d48e5b5a63e4c2953940625a4a167ed50'),(177,177,177,'Login177','e3538a256771a13bb6fc5d8057f9ca6c53f285b6a5ce734b42e79823ff9574d915c04e5832695ff572af285f961af05a3dc3b1ffcd0c039732d72710d3f670fc:2d55952b548dbe11336386b1b54a36fe345769e71'),(178,178,178,'Login178','b9e608085d169d6b1ea69e89e78ba56aa8e3c06d3a3b60600867e8c6041f3cb1dec67429e3475b56d1936461697393bdf206e826be747eab1f53cd17740bd1bd:1a76445129164003e3d73c555d3f36e335ba6bb6a'),(179,179,179,'Login179','6cde0b0b791aea54394c00ebf0f72c3f5988243538429a23f5254d234fc364e8f57db61b467dec69106873b5419ca6eea7ba03a6bf23e37229484cf7afb8c541:261e744864338615bf75116383b613e2d42867458224c65ab2b'),(180,180,180,'Login180','70be5a6d4f878ffa924007739d8d19dd97528696ced7c40f3e926a9f6e3470971bfe557cfa1f8155ffa752648669a186fff877ef23afb6fd83088de20fe34749:d6f0d1d0d5ff80bab735b4152869bc6541917331b7592a1'),(181,181,181,'Login181','42d59e10b1a94c0510d8f72210f63d72cf0d409e2247780dee0f276bc9d974cb8f322330bb5395921c24d993f9d11f71efedb5909c253c38b7a7d9c5a118cfe2:7c1d1a16335b69084e341c5a48755719382730b0f672e'),(182,182,182,'Login182','16ce6c470cade71f94359315231bab3fc75d08d61109d611e4e098283e5108523deab2d29f92a7f26d7abebbb97bac9a4fea7ab790c6790c29efea5d9c2d84ee:65c554a689917e79b4e1849330d4442fc55e3c1'),(183,183,183,'Login183','e34672302adba9732a18e3a6eed34da0f641ccc2e27bbc0a7ecdaec1ffa301bb4935d906d5d0bd1bb47cfeeadd248dd571243681ec21656e6be7ebe9bdafe267:32602542694ee63136f1b5462ac368276f5b1513e3671'),(184,184,184,'Login184','6ac17bad2e66f04eeae145bde0859d1a5226339b48a02f298bc17b78fe96272a8ee322c5cf0bd4d2cfbba12e3a4fdee63f03953c5c6f93cb8db4a59d64a2dcbc:547e22dd77a638425925f41af520367d2d1dd66e421'),(185,185,185,'Login185','3bf0dc11f0968f834244df3f96c590ffb55f63b08dc3ba2dbd3fc6345f5a9e80e16d4f04fbc671150739dae9ff997c5256e6ec7664f53b405ea6406568061c11:342476bb7d17d136672c7a212113ec1d7865f302b82f4545'),(186,186,186,'Login186','49d4c9b6aef962544761aad303df86a5a3bca37692219b45bfdc01da531f867aa532d0227ffdf82a7a053cf54afe86b3d1194a9a5c575c3d2c1ed6fe164442fa:1736659312d6080e39387c2d306737112519f323da'),(187,187,187,'Login187','e0d49ca85109bef33b74fe3951d4f5fd37ceebce35f00d2d9cf244df476bd38fedd9263835e48a30ea34782cef0d0e0ead4576f44f1018f4a49cd52830269d28:6393184f3c12a46045e5799b4b65a70ffede726338e'),(188,188,188,'Login188','baf75995e33227a464a4075d300a8cc58dd09e119c3abf2e2876f85e1505e9fa0def7043872a9fce8159d31663b0b37f7f26a50b0e3742adf3bcca2cdbfdab04:b8b1615b50786187065634f4b4b4a93f2261cb63a1cf47'),(189,189,189,'Login189','200a6dcb44cd3ae88e848cb9f01e516f0baab70551c3799b677a7c1a58656ebcdb9d8028c1360c1f7b57ff83e1e44910a18f991025da18ddf69f9e0f975603e5:646d5371d094241925d58022b1f7a827a5d6d67c2563c'),(190,190,190,'Login190','af4f05f658d80e340769e0404fe6933a4f865af00d66f7ac90002e31aa622f59254985b3782ab655e6e02e6b9c94af1f62c89194036954e6b22e680dde7563eb:c34c3675835460683d3d9780276b36f6cd620153e64242'),(191,191,191,'Login191','ec19e59f9c14d0869ac30fe2f73d928544a0f1e1a769648d688632fcbea597c994e17579b5f886c7a7f1285db72c74e70eca20cbe6b99e314cbe77d3ad1d3126:3ef3986456321e6936422c1496b26255de748aed1'),(192,192,192,'Login192','9b4cc737f6ecd817544254205713345d1fe4b68ee4461406eecc73d898ee54fd3c75ab34e86eed9472db7ec2aff4f54fbb67ab3a1ab6fea4ad6059b358a8ae4b:e5133384b342781e5b39585b7177e566231b9d20a3572a'),(193,193,193,'Login193','e10eb2bfd0e4cac68bbae718a0a78711aa3ee75bb9edca15d857b53f8ea386322b1adb40d57a7c0c870c9c1a94af416d558e7c98699177d190a49ac75c83c7bb:75ca62b74c624525b8914351b1d37ea561c6e3611'),(194,194,194,'Login194','1eb619e1e7e15885563c6baddb1f6d73ad7efa3074fc3a871cdaa16e94c63fb26f9932b65d4efae8f5e977cdaf28259b4b1fbcd2414ad15ce269f8e2a13fcfb8:97102e572b7375334a7ba662e76187b3aa215e1f9247569'),(195,195,195,'Login195','72eb990836dbb18e2abec198805072707332ee35e6134111a09f33e68d425160722bb93cf42841e7d75dbbbf513b986f6d29439bfbac0d472ca989d826a12692:d60807fd616724e0da7c374f5f614db4e1bd7711a58'),(196,196,196,'Login196','0b95ded511a5e59522c6a12eaf422da4658cc86e5137b49facca6108c9c2f22ea8e3cc312df14af97b4c3469ec98d144f1e8c9bf365d6f1091515c845344a9a3:455475c326581f91565e243f6345554ea31f1949a1a'),(197,197,197,'Login197','24b6966cbe3547b88061e82e875284836fbb4231d4f6099fb3f35c478d247dff4f5f788f98a2990f0ac5aa537384be9e3094739f22267cc05975b453fa6539c3:5b231119c4a8319c33d697a185474abd5f9380e233dd12'),(198,198,198,'Login198','6c9ded6a82d7d58fbce8a838e987b986cc8f35b8b9716bb4ab408cd6719efe2387997a40586fa0fb04bcd6984989e90d9d8f482be18879e831180fedb087d642:3f7deb7325b8f1fe5a52bb1b3337c2834f3610a53a'),(199,199,199,'Login199','34f7f31da940655db67e0ff85b0b6ebdd45c6945e5a3b51dbc81d3e2fe3238f6a032b775ba35ccf3eb55fec0458da28924a9f732587946fbadcb6e066b3f5f42:e865da49125f431711742a4a7f11866262c495e756580'),(200,200,200,'Login200','94031950e2556dbcd2a7a0e7caf3885eeebc6e40d5356a716d9cb9161c2816fdb860f22efdd08accab434ce5987aece331f629a24f7fb56080d9ad4c96e004e0:f607bd283a7632d57685c621702544794275384c6e9'),(201,201,201,'Login201','d3ca7bef09de8c57fd491c80532ed652049b3a502847a4d718f4f9ed1d7a2c97859e82cefb05cf0e625a6477a8ee72591b49f9f0971c1b9114c6573c59982642:1ec42d387273535338c2e19e35085081544ab7'),(202,202,202,'Login202','ab8065799a6380c99663dc3e501b856494b7608676884775ebea7eb4469b70e466a44d93f0b19d7190f80dd922c98c2a49b2a344c854cc609c08947503340aa1:30105515a674f20355b01b15512a2e43224df422886c'),(203,203,203,'Login203','b9841c2cdb9b17140e93d3aac6f30b86eac146b419b0ef6c987b4700c36e87f09ceb5b1c1f2ead27f658c9e2505fa8e2bf5bdd0101d3ec904a50bbe05783fe58:8129206f49372561c7e2d3b24b7f25ac546f1b4a3f'),(204,204,204,'Login204','3060a6aecfec302b8351fe5d262484ce82ca5e22edab5ebbb37975ee02c981585850b400996df395fb707d0d37b0a751a84e6505bd34d55fdade1ac15fc49920:314c7060463635b287383519c46b58642fa450a67e906a'),(205,205,205,'Login205','5e736dfa771194972e493375c2dc18d4e5535e16fad25a23293b6e0a528dd0965bf0ff9ea7b1f0ff066bcc39ebc4aabf289cb89b0801778035c3fb8b6b4ed89c:45672560b54171925e37250ed595c127e6e7b3633a57'),(206,206,206,'Login206','862d7d12246ba2c0fbb9c5665c1b9a3bd090dd344ea325f6c307e36abbc257ec0f8e03ef051d9fcdfd9a317e9d1951725d5eca1a028f0caa2a49078044383299:56b4721155e39429586ad71bbe6672b682b2d13785cdd69'),(207,207,207,'Login207','eb1969f03af2550dfcecf722164745229254b21f0ed4ef4013094fe16bf60b16983569d58412c6beb795138a84ea5cc46e786ee8b94a67518942883de912013b:524c6586f44ec7b737e15742ec45517b2d9833021659e0'),(208,208,208,'Login208','7da0358bcc7e44a5a2420db95741329769b9905521ff3749ef978822104f49a4e1e9bdc42d09f7041ccfc3ff63658b73bbb235ee1e4374b5d0c604b5b1e13275:160e9fd6d5e8c28c4072e9155a3473a2e7a368227b'),(209,209,209,'Login209','aa5003cb2ef9d9a0c413b4ad816dc82e3c4bc7342acd2b466d64a66799aa941df4338e5fbb502f4ed47442dd9dc85acefa6dde0be0432cc888b2d97a368e883d:620e74e4271425036b3e07147447207f60f7b346921a'),(210,210,210,'Login210','55421228b4ad3c3c79a619910ae086bea8a8cc95133a00cf8d55923a085bebbc5f9f98a35c9fb5cc3bc2070b54ab42978c4a6d4de73efb81e424774e80e92943:6254026c2e1fa37b963dcb1af7575e67601fb61e94f21'),(211,211,211,'Login211','0449cd9cb97e6df61a9f12c1ff9e6c87db29db23592e343a174d11849874475456bd75ec80f038672048753fc81343e1e69fbff509ba0ee3601ebb90a00b8b75:6eb4a76668e5723bf553a7125f1de1b2c5590634e60'),(212,212,212,'Login212','d76a9319ec63ecb3d3288305f79fab9f2c78eda0dd10e82e65e1faab72556bffe8849313471d29cd4914ae7c2fb2c8a24c7b4d57c14bb68073adffcbd37f4e0b:03263414aaa8587db1224dc7e6b5119129478c3917f5d'),(213,213,213,'Login213','09370d70014c51c71cd385d891e78fd8a285c19206562a5b265fc45181fe21dc2a61598efd1116508edd0c81943ab16525710e79df083617822a3ad442ffee7c:16202046b4231157d29c1e03b39a114757a594bf'),(214,214,214,'Login214','ce5d121392a2b217f78b9dc3357c64e4ffc3a7c30d4e0ee4e1fae5619e6327fd7b92055918b5eb6cca9f94282a0b8dadb0e124c09547f4e20b2f04b9ce22ba52:2632a92836f0773279362415186b745e2ce3f7f61ab9c1761a9'),(215,215,215,'Login215','4a032d925a62d854f2364673d594c9c2951387802909b962ce62724e38aaada577fcbe867322e4904812445b8fc7c6e6862aa4868e35af87aef234480d778877:4219e571d7352d32ed035ecd4b354f53c122ddf'),(216,216,216,'Login216','82e54eea31a464e4f938126a95e7232102aef21c19cad0c3496d83e7dc55b2dcc71cb0915282f2062adcfc1cb79256177519556f12070b071cf4b94a336aad7c:25356d194fffa6747c952f632774634ebd705d95cd5f'),(217,217,217,'Login217','6e5123a6972db6cdac698ea24c58d7f1576bf4668e1a6fa62f0fb59622dea2f2692a4c5a7ab987f26d4489e468202f9ea2f97105bd085cb641b835b5866f0db3:fc6145e6d7e7d24351e4eff7e214f6fe6401c42c42'),(218,218,218,'Login218','0c70b513a03bb51b469fa4dcc079406cce2837e3f9619005a3b9a50e026b762245083a4f5ab29a2ce756342ac687ecdfe11b97dd0983fc54242468d2ccbc61d9:6a514ee3a056ee2dcd43cf274362d67a79f297d1e5c6751c'),(219,219,219,'Login219','91dcadffc69b8a5f06c904be91be25c7d4753d550caaeac91d9f1f91322026ddaf3b3810a7050a068614436d9140786f7b89ac8c813de4bb55150dc072ab6631:13075d376d38d4665533232576084e353b576d76763f536fdd1c'),(220,220,220,'Login220','51c0e4cc6630571aedc1e64b36336dc2062c857ac1f4ebb49b184f40cdc80280df6270b257b61c63de5138d61b056687b08778a7a60280f5b451987804a998f7:735b1436359a9125e930d5715f965118314552ca2f'),(221,221,221,'Login221','d2e00dfba479165ebbd5e23c52dc7b62bf3ab7142a23fce30b61e18c7c7a743327b2b5a36d896d8d916488cef491beb7d4c7547e3fd3afa96bf38c4265695e36:75b4324b1a7604e38584c7de2645d6c20172cf207b2d17592'),(222,222,222,'Login222','1baf15b268b711b736f698e08bfdf5f53627c1df373ceaa4c551a817d755190c60878e34790d8782bdcc5a79d819f36a842257de4f8bb83daeb90e9cc9e2131a:5674524304ab54d7e81c0d5071694a543745b11a32f7d203139'),(223,223,223,'Login223','09e3039e625acd94bfac14aaf81570c3a544d93c4f3bbd5cc5bf5dd13e10b6505dd51f0b844f570b521378b8f6242d3f08c3a681580c371249646c12ec68838c:1c491d2e24e578167b42024b069acab146a7ee7aa0'),(224,224,224,'Login224','48776d42cd6a1ebde27fa0e20df2035ac587951e1aa5aee684591202f82d2dfeeb1704ee8a4ce597f49f4ba7677dda955750d7f3d2c3dcca2579fcfeaf046a80:303e1176c93b8fe19717d3656c8c8024766d2fe54'),(225,225,225,'Login225','2a6aad083b87767e4e74c383d3c0e09a49012dff54de5e0f0d1e09f9b0b880f850b104a5528f060a7ca244f07bffb78b5870ed2288c0248064f32af736941ad0:47fdcf7725ec6b11d9af1005b5127146112366744911'),(226,226,226,'Login226','7b94083b95637f6964ac3e0272009154fa127d47f865f9495dd46a79f5824ab9df660fb6531eb964a37f1e96e2c3badb61f9e6170a09279ae8b6933fc04c3083:582fd5e575e5075bd54c7892d02b643a6494fd77597753'),(227,227,227,'Login227','8f00f0b5e35627d50fbe5a2f5b9e29a85c93165743ffb1010b19c50b8c071d7e59a38bfc2a3a7806a80aa686eaf12cf054c224570e408cb27b14369c455d9ee0:63540092d796084142bf43ac4386484e264a454a5a4'),(228,228,228,'Login228','d5e4c9e7bc864488c667284b729caca2a996c9deea9b643ba68c7c95f43b6d2c9b347dddbbc94ccb2c28373403733e2370dcf9237d9ec5994653177bd3350479:bd6d674161b3e01f541b367e3f3a50f390c187a154594a'),(229,229,229,'Login229','5f08a0433974918fbc7bbe9429ee72ac54c14a6f6958bf38d0163f9ba044c749a9d6970e4aa976d6355256113a2ba32b6829b4bf85e8368ef990ebba9530db4e:2d65b7b6bee71ef641e65143833ba57fa6e5c12c41'),(230,230,230,'Login230','d89f4893e09a95bd2fdad8a22e3cdaed55d3efafdfcf85220c7e7b138341e9a5e704bff161db5ea8e4b791d71edc307acd4fea7b125b6e88ec2f70dc3311f6a6:7acfa17b7b16b2536452a9db1786662297f233c6b'),(231,231,231,'Login231','b22355138ba5ee6e0884d279e2d55af0974d2ec5c3aa83d1b19351f844d336085332f637d9e92769a09a4f083026e6e5aa3779714c715dc982c1d9709739d9e7:461a326220b112fe15dd65956d10226f1cb15e4e22'),(232,232,232,'Login232','1d56a306c8901f8257a6897207c274ce7fbf863e8d7c27433a06231c2edc161265a8aca5ecaadd5a9bbd45b5a9a550bd5c267fe82633cd8423952c837b1bf5fd:30136d8336d477824d361f387ce5332da5a7723f16a'),(233,233,233,'Login233','d33c52644761a87a29d84dbb9006141cede8179be71db075ac5c21a53728423fe416a71518d1b93389e5f8fb3aef3b6adfbd6af4404f01d14f4c133bbfda6332:15674f1a064433522220069087961d6871f92fe45'),(234,234,234,'Login234','78b7ab7fc643ebce8b6f23695b8119b2db348dc64cb17cecc6ebe4d2cf7ca0f7d86df0f3128eb088f98d01296782631172cb3d0b84613a07916895c7f08080f7:78927e2702b19504fc7311153165ef112c738a7a13f593c'),(235,235,235,'Login235','154d35eea86f34accf70a9f24c7cc76d4e39cb0a510fd216ba283bc54f3b037b5ed2aeca24f162abfcd499de5937b1d3045aad9d88e5d88fcaeebb9bb04a9b50:541769401c2c84b71bf18766968305e5d9a3189a4dd'),(236,236,236,'Login236','028bea1e589d73fd604501438f6bbe61e13b304808dd799ad7723c1503ea618986d5189095f472df90e4447ca6739373d7272d5a54c8411764de9e43e8e5aaf6:21b592163121823b7281c56967602621d4b7a32f191b5a5f6f'),(237,237,237,'Login237','988da22efbeab887ef17f5e3e58e73376e3f04cb436889da8404bbc3e3e014abdc8e7c4ed57af5129194328f5f1888c5cb222e81c603a7a3db95f0cdf9971a90:377469e26a571f22430d6c6274386392b62c21377ef6e180a'),(238,238,238,'Login238','d6390f1fc59faccd850aaef4b28b72f984596cc29766de73589ad9d4825f9e4bb51b78393c789624d4ec052c69e6ac7d75bf2abdb5dbf2be30ff0df093fd7ccb:5746ad221100177b50ef4b186f197e4f9f147265403d76c25'),(239,239,239,'Login239','3bba46c70bce396dfcd14a4691b8b80baf68796ef8429aa429f8aea3c7c0e9dca001faed577ebb7dba8f26e12c2b30a1108f1115025ad7d9ff37f4db132e960d:6cc53d7340fc9e1f0d17163a48296a71da1d633735'),(240,240,240,'Login240','9cae7e4f037acbb4bd82aa739ba3c3e4ff52c390dffbb95cbe17e352c20641d23c4deb0e01c36d3cebfe719b6204bc4f650a2f8b91fda718d50e6361ff258372:503a90426535a27209272e5e39a1c012267722c3e'),(241,241,241,'Login241','8765db5eb489356172c4eedd537290d04d954c93bb4ea2771152e4b1680158e47d36bd98f12d17ddf2ddb5a5da62fa673f13e42b56db626a676116c854bf8e46:71521161e631f76a1340517bcb145e2c30302a3c24220d6a68'),(242,242,242,'Login242','015a8b8b9878c52b8db562d825f74543ac7f06da05f4937715f60ae577a586a1b7c5829d0224da23855931c6d9a632c913cf85d175605ebaedbc984defd17922:57097c27114b6a3b25545b62a21010352363b1753f3c1d4e'),(243,243,243,'Login243','a01a53e2cd51fe2c7da333b759227ec5c8cc076ccd4b45be1c7609a3e8d624cbd17c42434c4a23cb2a491fc84067f2a78eeb018fdc161b2e7b45aa70d870c60e:354d44c55243153c78907157f0402678576332535b30601c7546'),(244,244,244,'Login244','b0113dd42adef37306c58eca4c55d83e777850385e80e434c2edeb4ad42000565894416572df862b9eb120054e6d547ce6fddd531286aa9860c9b8f75658e8da:9628e507733511c2c1e4436abb9545533f6313e3a445752'),(245,245,245,'Login245','9e5d82005ba03b2cbcda128a5727e854f46efb4464aeb8ba301f571ab4652b82e33e1b6ec3ac0dd45b8f03e05fdf87459da06b18900bd0f6b4b933b1e573e30e:e5b36332841f170262760e53e2336657e216d518f823'),(246,246,246,'Login246','d11dfb32239c3a7a7debceb0eec7f06bec64bc000d3177ce75c545060fca30b5d2a708573cb9c1c127b2b11001c0a5ee7f2d5ba1d7693a08ba2899de9ab18e21:246506a3e5718322792930286b5224922dab4b3c243dcb'),(247,247,247,'Login247','a0e658329ef01bd64120082ec7d750d31f62be25333397eb4eac776c9eb98b6fa7a906bdc7a03195fe8a7888b47153c5836c1d25a770443aeab86ac4727ed592:d13cb714ee493d328c3e36e7a1a72edcfb35e7a'),(248,248,248,'Login248','4063911d108cd9ac978af8bba9996d58d70c4eb88954d444ad5be14bc3a30750000ace25c0dfc3c62eafae229b0a8246b7645199cfa8eb7d4e9b2f1328f6996f:653a1d6d3e33c237e7f1e885e7db241022ad6a7be4d1'),(249,249,249,'Login249','6bcdd212c5856be235b5a255d3346a2d4c57aa75c988e2c5aad747c86df5448158224986c74b46af5d3119cd199bc8e9386e53be166bc1e7b6f69cb902b2a3cb:6d11f2b675e602b4f1a049c5adda521701272271e3'),(250,250,250,'Login250','79223ee01e4abaf466b72c916a4676d3fa9898852bee98df63c387aec1758698a48bf7be723b13e1e99ecd85c7978dca22c07cb8400b5c7437211820caa251ae:7150f73a11692255895e774528166e6c5031386f6c37f'),(251,251,251,'Login251','f51d62e91b20b1a5b17d64830bfa90eeb04d0394a64940c1454dadcff8ef08cecf35dc484b69b9a262b9daff9fa84cdf038e15ebd066630706bc7cf939a12b13:522a0c722f338835331c214474b1a17fb1090'),(252,252,252,'Login252','a1cf6b101ff3413a02bb91e17a884d2d54bb8744d961eee284824ff2a9e8b2c25e253eebbdc92a8083d9f75f208872080b0c74899a65ecc3c5e94ea1b564fcf8:92d7076b944316605f11e9618677df58171847ae7f37'),(253,253,253,'Login253','6066c6dd619e6455c9532ca4c0267d37f3c5c170aa7ff682a55357a7789b370d14227fb211e0fb2521461f33a30993779ce9c4cb4cefcd6be262270b4fa65476:5256e36f50238054a26941f8632404f368149537d31c11c3d'),(254,254,254,'Login254','a00becf2a9c779565b6216752b2bd00c9a42409ac6a6f35d6ca93d62fa4ae9b02266cfa6e287fbbc3312d6b59b83304151d02b3878d7c6739a299d29ae5f6c44:317414713e654d7a7b4a44cedc6b346e211d683643d1695b6f'),(255,255,255,'Login255','42e7927b2130b96a48fee0e3f9daaecb7492a0f9dc5cc80802561d1b2fb63b63a61df3eae8ccbaf04f20fe8e666162cb2889f377fd7743ed5761c0e6ce8e4be0:7d438817b3c22e1aa6374dba58b93257227977172e'),(256,256,256,'Login256','2c185efa6005503bf6a2a7372a7e5dd585c5a3c2e7eba9bfdbd210ad3ad9363fc2553cb5d2d98313eced10182bc80cd787808cadea5e33fdb86a61141abb251d:c22779e2b46e674e13693c70370d17632c82321cf87f'),(257,257,257,'Login257','579d5c2069271bf176ac2cc78724c7f7d32ddcb68726055029b1361542326b39065501c9e442946295acfd3969e49a71872ff7c222c38e11f82a7c0a9f81fce4:1f504bc1cc36b32154145ed405be662591fc4ea19d60'),(258,258,258,'Login258','dbfdfb5dabba8c88ffb6647692d6ecfa19ee122ca29e370c1b678006e0797e27730f17015479d3467f0efc74dfe2b8a41fc9720b8c59bdf5cff0e3e2d8d3ffd7:d5671c97115256a6d41f3b48c28345029637e18296a125'),(259,259,259,'Login259','3207b4686354f99c3b4bbcbd4e858683010cc748f2c9d6ad08965c60e89d7fcfc144da96d43025b93fcded02c08a743c5daf32f7dbc2b9d17b2a2608d464e7fc:0470706045525cc1e261b174dc9e4ea221b5e2687f3b'),(260,260,260,'Login260','5605440220e4d16b01552841fa234acf30c5c62725415fa28a46280f3cb27740660ab6c757384f714d83dcb265a7fd6df95cc9fba1972bd211233435b1ebdd9d:7c80765e7e661d71228c3d5472c35f2d1d7734b3495d11d45'),(261,261,261,'Login261','38b9d41afd68665fcf2b0b28e92ba2809baab206326aa2bed5761e8d1cfb430462e8feb57438ee49a1f42674016573edcbc44e6e3604dd9b1484d67b759c2a32:67b2115dbc7375d017f074be4ac62c835b6e6b9553f1'),(262,262,262,'Login262','3858e87d9b80329cdaee8226508023c5c5ef7fd0029502e872e9781db83d61414fd288223a0e361b69f0fcf46d7dd2ffa64d87cab22f49a6f048d4ecea3c4c04:d5737a71a4607338a2d81b1a1831314a80683816c5f196'),(263,263,263,'Login263','973cbc3157ab47e82c12a1301e9d58731988c0c1a164fe439604416ce1deead403f6ecf9bd5851b928540c727648b653d66070cf904015cb007154e0e3430e52:1b2f58262bbe1cd74ed12c78863e7e21d7123bc4b'),(264,264,264,'Login264','aaa43fb38873abf25c37e044a62d80d974156be85d41c3179ede1be4ad2fa4effc7dd81a7c86ae046b47ad55206f181e51ae0e478d6faa3344bc8c792be392f3:1dbcde5fe77355144f7171e39650ed316997844b544f'),(265,265,265,'Login265','0459ed17bf2d1544cc8f55ef481810b688cbe14b0466a09afaa579c59ab631f172371aa7062cb716678570b85996653dee3a95e6b13b2e0dc8b9e3db19499265:d325e236bd65de50d5a21721d85b5c70c25fc5529144f0'),(266,266,266,'Login266','1301566da32a871a2536ba6700438cb9dc8ed62023567f010d3353a0f5e1aec5cb10f561ca36c430b8a70d75de4d766a0ea7b594803f1e3bea2a8e2f6c6866fb:117032066225d7342a6a3779b2213c823394c17351621611c'),(267,267,267,'Login267','a60ee524ebdd3509b129e3f3d2a61aa03bb883a931c430aba8dbb126c3055ec9f5d64346a1e6416c5e90bc241bbb97619cad27db2f1210f1461e583041061aaf:1a55cf7a267332f146cbd393b68412f12fd3d50342'),(268,268,268,'Login268','11ca63dc0073d7b63c3155f90bd935b41f074a05ed778ab9c2d563d38376eee0d4171bbaf7d03aec507f6448b7fd3f0a3a81d2098812bb3d9e2bf83934951114:64e70e304063082528665f5b5cf4737403245cc1224e'),(269,269,269,'Login269','7c81a74b0a74388b07ce7c07fd8876dd7818158bc1f1a2118c99831493b9f0a88f0e7b7ab89b45ad5119b3a8e03e1daaafb7a7057fd78cf4774b3de15aff3f0c:2f453123f144197cb21543a59276e87473c354156'),(270,270,270,'Login270','9be0f1442188476b39799f32145334cff55f7e828f1a038ce570474e73260f14501e9e17417bdccdd1a15bdbd90c38cee294273f68b338faaa236c6f0f3361b6:94cd5941650b6116687538727946ee404661b73121d7628'),(271,271,271,'Login271','acd3144c884c5276f5119d928fbde0f15a88134ab6b565d8e21d10d1030790d5e73404e8a9717da5a69379aca2a8e4b675fa25b24c34f4b24626134b2dbb7611:1777292296645e2287758763b236528ef369b22e4'),(272,272,272,'Login272','1faa98f0c94803581c1c84359cbd6da8f91dce6d8f60995b426ccca41fbe0f943f7cf37c2a3d815762c6f2af254a5a7b79dee65b96741a73b2b3f2b97b998c7c:e155133964302271a1c7a5833214f3f6b7d7f1b3a62b706b41'),(273,273,273,'Login273','366e08597f7854dc5b084f5b1fbddbb5a202059125f0f6218b8e1273c4027c98a36120dae48ac7ca8bd776d0235d629dc07d37974e907e5a77d5ea37a3a922e7:556749733d5c255f6d5b351b5624ae2fd52153613a5e9fc77'),(274,274,274,'Login274','ebcfc4f1eb02d0f60303f37d8b3adfebf9d2fd7f6d82b35eb0da70ef366b8fd5f8704f92943ea959b17f81ffb24e3cc3d2c18d0f31831785b2257f23507477a0:422f3b6b19583c56e8b586c4b463932d5dd70de49583'),(275,275,275,'Login275','06827c7be7c463408befa3b917263d9dd5956497c049f867ac1eaeaed698127a0c59b4f861de5d29f12c8f7d2ac34b04fdfd48ad0ba393460ee71a89e3c66831:5774887547907e3434916e1762f4924363ba215e2590'),(276,276,276,'Login276','c9d97f679f76de5b83bb123648fdd7c17e71bdf2ba3c8e296a52db5334aa92aeafa0f35c66a981e45c6ddfec02dedb97e07dd0c64c8986080fc9644dcb3cdb50:f775795d372c42c1678726dfb3d692b4df95062'),(277,277,277,'Login277','a8fb99f855e1d99d79a0bff732def15b5acc96ef3d613af840df79a81e4788d6bb7bc51298a3d3920a7f316c4ac1c9a9d98c8725372812135eebdd4344e4b8a7:82435166c87a6d53c7fc1c754222519511411a40a35300'),(278,278,278,'Login278','faf345b876d348386849282d6834786dae1bb7d7902d7f306aa47641fc9db031ee55c504a2c8cd0c8ede9e08666b4678146a1d008326e25a1083ff9a68adaa4b:d47c29348953391e53198c6a6e3d45d64f731a65555361'),(279,279,279,'Login279','c80ff33cca93755ddc1b498f287794bfb1d0ca0c45bf4efeaf052c0303e2eea0a362a0e4507d2ebfe4c7aef2d456a2784359a0a3ed40310378c7693d9b83dd93:407e5024c451a708c859d49275372a15b2a1652d'),(280,280,280,'Login280','b066016fad586197758a7450408fe4599a80a00e82e7b7bb9417c6bc2294da71e216718e02374945df076298b02146cbd194729ba59225e762338dfd855708df:51575543f16fb9ee6c1f544a25db7b43e61671a60d'),(281,281,281,'Login281','101ba7d309d1e338f678da38450ecade0296a08cfc3e9a0b9ded3c9ea1c63d8906b8bc06caa78ddbc20283f786ba26d6ad3b1893107cc9790bcec6c82ffdfa10:5313e1b2503c4ba5022a163463723c654722bd4653'),(282,282,282,'Login282','8af9dc09c84898f48bd2859155cca8b56e0272b0fbf5ed803caff0d160eb70d4f246f95d80c7b181ad45a19231554af8e30c7c588df5f4f298ef639c166cbd61:3255a6a72332bcf172549041644672c263b7356c0a'),(283,283,283,'Login283','4271a7e94948bb1102f46ee1b74b7d7480fae1c03745a36f46488250136acb9076d96bbcd219441488beeecacd22597759801fafde29c29bc8e588e95f53de00:b486d3475207d351d232f5a99144569cb4cb1831124b'),(284,284,284,'Login284','5a5cdae48f90c69c1780c6cded1b35260a85fc85001975f27d63afceef8594e926dbd85d23b7edc4270e2e3357bd8fcebbedf6fe1c7bf3e3b20fd6339e1ca933:7c7211698041422e1b6561f62904734d01d5285f76354340'),(285,285,285,'Login285','0a22b18d5a51642a60cd17e7c6d3686e25e240e773ff4bb01d9c3975ca0f4b00a88995f00e0255e318ed72ff9bda5aa33d4b7cc8dd54d19677081a6a170ca7b6:94093f495684a7a426cd01fae31668960b295'),(286,286,286,'Login286','36b03e82e85ac9cc3683f13677e5a2fb3846a794b0961c055d70507c17558eee64b17471b9308d725c030a0ace4d20d0b1eb51c7acc9c83cc4a4fd233c603c09:15b1b70c8ac1f56342132d7ac056b97d3316b2bf'),(287,287,287,'Login287','0fa2a3bc881ec3b6efcee4c96ea679f69fdd94e86c80b243e2d2b33e6fdd6ef2a7ba6bf40c303045f3c84156e6f803ff054f0a99e06ae1f37bca80fcce9e911a:397cff169605de517f20685f1fa0b6614e194cf25d'),(288,288,288,'Login288','fe3e971ed13f69ccc5a6fe7de1c4cd2d086f34fdb1a38db7cc5fa433262a5f795422e9ed3dc931c851f114249e178102fe891fdcf84fdb8d0822e785ce6c6751:f5b3e66c31b93172122baa57a62624c309987d50de'),(289,289,289,'Login289','3334371a082d93fda687d24f378b0cc6eb1672911a4134f88b70e1fb59ff0209fde76670e626bf698414295d2bbf2be0eae6a1d283c8a64be91877f3f7da3cfa:5e1683a3fc4de41042263a37e2a62f24e67301a46496'),(290,290,290,'Login290','caaef5d6088f60b4aace896d6da797890dadfdc4a8a86d80b60def146f34e202c9c485b670455c33a38298220c5d1d914aefbd87c696e5663344c7bc93f21f1d:86a039189b3d1cf2205260a881f2e13401393e223651024'),(291,291,291,'Login291','43c85e156f19e028d3745fc82b7bbd06cbf1efed8a2dd9abc5dd3706b4b3ab42112bf44ed933f73f2322f0b19bcbaa9efff94cd9764068ddb5239137eefe3e53:5a5623392a1627c30831495761014ac659493f166c8'),(292,292,292,'Login292','91de43e7d91aa4dbd8fc0e700b0049bf5114b031d32698a7f4d2c808d82ac5681c77f7348b0a0f5b430af4b1e55df90e9e2312188556529814f8279244d84629:5624a05d7c50433c54b6c473530679c30a39024b'),(293,293,293,'Login293','d1b2923f4a78b1056a9e4d8dbd4b5c1c9cb6e53572171dfbd9eb2fb65783f4b69879508ae9dfdbf7d609e0d073d55b65a436ed926e9793ca59fbdda972d47f72:d904e21632c1e82dfc3608012422a670356322e7821b4'),(294,294,294,'Login294','beb016a2447996b8809cc9a10318fcd0db6afc302784f3b720ff9e0a5ea49d63ba500e54a6304c5c49fa2e9b7048336ce1da2e7462eb16df1ecf656858673003:c70e6946be3cc5f45ab7d4547971838572568ba59143af'),(295,295,295,'Login295','337c0833982198c3dcf8762202d9d7b6b2ee483897be070577d277b206d0dfd312173b481da98b4f5b77932779416d44be20ea139fe0f8df37a04e44113e6ff6:96071743b1552d4cf770f534e4e35f5317b5f3f616667d152e4e'),(296,296,296,'Login296','71c19944da05cc5446916a4dcaa182a734c37bf283b8869ea00542c0bda1d0ab0e3189d68b2090ec0e0d434c7a06de57c525588bc041648db0cb151ac5cafafb:b47a3624d4144be1de605773eb4582d25c6b70c71'),(297,297,297,'Login297','ba2f876e7094aedee9494bf26ad775fecbb02182fb5c1edf5aceba659515bb579da5ce5945c9b088f4cb60a935f2e5d1553ebf014493dcfc53974df25062ccdb:d14f55f8874a716f797372536528f038822481ee682b'),(298,298,298,'Login298','5605694eca8dde2616b8aff4bc47a4bf07a0109dc131df938c08caed95106602b4a1592a3acf7c142010fa5aad34aec28fa7bf87ed14939f4e48295455cfcb6e:6140728537e76816c39d72ba17b3411a5b126b57555111'),(299,299,299,'Login299','aaee075a9da639d9ee6b10f45abc7627161abe3a58e34582e79b46f8d10dcc03651cb4856ee04041118709ecb8818a82f859443ff0c5d9622dad1d4359ed5300:43229623a03068d4352b3611f32d694c77883fbb7138a'),(300,300,300,'Login300','866e34464ba08c0367566a621e8d0f0dbd672f7d42f937c7210215d2c3bedf73c6d059d06639c713ffeeb11a8c1905ec75a818fb88f5d309bc210c115bb826f0:8676d335d10d59d46a2b65431a737b47a2f797b1b1481c'),(301,301,301,'Login301','1455a1577077b5262040cd55df4da0280cd03fb2675d21808e88ef520f50b6c5db6ef30fdaa228c369720d9338d31bc6e606133fed072968cb8635b56929340e:3d603dcb55b5b4355f6c27e1c7f424cf5d576a1e1b6078c659'),(302,302,302,'Login302','9f5ed56966baf40949fd59b3f0b1971d37f37777956eba5ee17c7052a3790058a5edb6dbfda49fd9e183248a11f460defb43ea8a8709c06b17ec260e9940aece:3c21a716a717054bde312d515781f46267bea648a9'),(303,303,303,'Login303','3e1061541872ac8b316b51711f11eb3cec1a80ce8843fa001b8a44478b3b2c46fafff5f179e78d91dc1a87dd6ea934250f4af8215275ded4bdabd89ce9c42031:7f29a685b794e134f1e47718670e31a5f126b6865931'),(304,304,304,'Login304','b9bf7bfe6875934fa5d6084f94f4cd5bc42ec8e9f5e665b8e10a78799d94d1350e96014b8c40363366a99cd3f53d956e84bd4f1212dc44cd3e4692f5f915560a:5fb130812ca5c3e3b81878d451a77d286b3dcc817548'),(305,305,305,'Login305','11ef9e422c0fba8aba7cfe19343298131981da175f072ec612c9d0a335129e4e5356b6094bd1adb1a69a621260dd8f8cdee925638a3a34bca6efcbdc923dba70:788a77658d54c27471d9681d332748388623937dc4e1c'),(306,306,306,'Login306','d8afdf0fd7b0f6f927f0ea57bb8beb9500c86dda2ff1ef0a19bfeb4de2130696e8961dbc9bccfb55862d199961f966529794734341b82764de83a5fe134a2baf:c51096f6414815c179427c443e227fcc721412787f'),(307,307,307,'Login307','37a8cc60503a7f017163b21d433e73270b74dd9873892ba41b697da3a124aaf33b3f48fc727ff96d5a661ac74fc70e9d1d1bcf98bed904a736d735df7bba293f:3cee7b7bff11237484f551251601f561e102f'),(308,308,308,'Login308','7a3557c7e09fdbf22545b4febd6f2b692dcf6514b3bfa531e3b753a6ffde45cfb62dd979b110d30a3c3af4ac18cd5516bb129244127bdd233ac8d8551eea74d7:12a471c574a2a3df3f724a082f83e504b1d3644075552'),(309,309,309,'Login309','0c7671046e1b2a53c50007c39b4a15a911385d2ab4884ca07b8fd69d006b819db506d0be559807a80219692408fe08fd1ae7d15b6ffbbe8d4469a85fa686f444:2cc384c6f2355f458936cb171335fd1a851273186fc426c8'),(310,310,310,'Login310','513fd3ffd87e407e41ddcfefe843f614071d4dca2ad13d62f4d18c0824b87315ffa174062fcdc36b7b9885a8adefad406075b1c65cf78cb113c9044b2b85ebfa:66ff4a653d7c5b3774e464b6f860197a78b64b2a366e793'),(311,311,311,'Login311','81697d76038e2680baaa796ccf0f751cd98a137513966d939f8f0e91552d35c93c98356f39f7afc454685fed6cc6811f060796a090df4804d63a72fe8cfa9230:ca2b3369a1d629066b4b44a7f2a35c4e379604b2a4e1610545'),(312,312,312,'Login312','3e54261d64712aafa30a14573f93c7ae8159553d14e40c1f550ebe9d32bf180106436f3a3137969724da5277337cf7d6862989798b744424f3a1de2bbc650b66:51cb313e3bed47c644622842b99dfc4b176a41e67b'),(313,313,313,'Login313','ebd8bc256b61958e7d7cdae5d2645617dbf8eed96e474fabff584d471be35c4ecf48885cce3996f37a3078919544b423211c82031eedd697a1ff67b6e12101d8:7256e652f7b3677261372c4d62927163fd282691e1147777a'),(314,314,314,'Login314','5607ed29b7809d729e8a27876ece054c2e2a2c705e10732a55f58e19a66d431b0a4e27a63f522215c36186b578604aeeee04e3c73d0ccc7422f3ba8c16550f9e:7e7a3c7a522c263181f39bd0e9c75774eb435e79'),(315,315,315,'Login315','4313c94d32155da81c6f6b1343bb6e3d9b1f3e4e47710a48dca18753fa3fb9df592e3b627af90a40a47ec4532275d70ea3199e24fa65a157a6f4ff9e6655be79:7208a42174726491c6c33ce7df3f44193293e80b2b65a'),(316,316,316,'Login316','0c3a7dbb6cf27a063b72b2b6845b2def7c9a0932198d8f0f2f16bbe94517c0d1a9ad0476dd9c1064e3402797ef83cc96d04f1dc231f583103a499b1f5eb2b846:7f756a4787217e2d5c2bb8917e34856a76953474a154'),(317,317,317,'Login317','8cda54c28278fdcf25c96aed973bdd8b7b14bc7b6630adc7a9219e6f89c301e51d2474c4e6bc92990263382c0cd10e7194a833fabe1d276adb058eaca3b4d906:2c611c1c6967f66463c871e93e36457801837'),(318,318,318,'Login318','7551b5e1c3ad75f1c102b0cf4d486bb83b0893abccc201899a438f05f39576eb9cd20756d99708d3e0b459375c374501edfc8cba749557a939968c21c14d9e85:11476d722462b9e6241c3776a7d319118b49b73431b7'),(319,319,319,'Login319','1c4fc592f51aefb6a3549697481027cb9d29cea5fac424566bd44c43b02454b049dacc843790415964c14bd26ec0946fa938f55643b3ef91d21c0578487ad9b8:3116ee7e757513d8b56f7d618661094d0a8451917363363'),(320,320,320,'Login320','b9f378c08f8384cfa741d5cb7ae21bc5237e42a14b260617671ddd99de9b4a8b04c5dad88b5ee20e9011724774d0b15a4c02a91f3d59de3327e88a20f29b4a0f:2bc78edeb210722dba51aa4402afcf7b2d3358431'),(321,321,321,'Login321','0fedb03d95761ffa36c494d082f8d2ad72e72023beb7cfb80fcce78e8024d4981b5a6be91f617d62ba5ca7dbf6e3f62ba0158b2bba861885d72df2ee7bf7c3a1:7f8c0024363051e9545319a7b8c274af39321f3'),(322,322,322,'Login322','490c6d6d76176d15218e5a11c439ed529736a2d6f48db7730e7566a61973adb73264ca4f8e9ec917ba7dea21a611e405aa5b01f459caed7613eb5106847e7a8d:43686507438166f50d36ce0202e9c52c55b620197131'),(323,323,323,'Login323','33fccb3eee2158b155f6e98c1635cd62924ca5b61b8c41a3fe161b713650c05269af042eae7c8c9e3dfe03b264fd84ead07b8bf9156e4a1d582b1d957151305f:34e8495f1c46fd28232266379932f37519735225f572a'),(324,324,324,'Login324','d36343171128b5ea0da6f76ad37897e7f97d470e28c59b7f6d09b23123bc67555adf9232a9a74e6a72115bde6256a72c9ca5ec1b184e995b967e3248aa3110a0:41e44f33542e686150e427bc956547d754632139373a'),(325,325,325,'Login325','6927b65f15cf2dd7636467bebf3ee9ba435829748617c5823f5bde56f7736577ffbe5775b7067950cdbf10e04a8d56df070785ef6dcb733210d7158883428fb0:74a504917319515775207c930f9d4765231526c823e260'),(326,326,326,'Login326','4a61354ad35e538add9c90465badd0ee54d24f477d1c925319e7518d92f80fe2b0ce1d424f93f8da38eaa993fc0d533d716d93097b1295d93b67290b7c221024:96c5d58618e7557905c4cfc9d6216aa1f13f406b5e74b'),(327,327,327,'Login327','7e2b84ffae9470dc3bbdd414f73ce50603ed0aab3d763a19d73a553a9377b816503399a0ef2b403cae08ae43adbc448a96e0b1215fa160ac76def552e8b1ce92:5dd4320ae15655b2029b03f5e763a201d0197fa14'),(328,328,328,'Login328','5cfac8d030e4e2a85065951eb221ae632d6e0cd5f0e42a160dc87843ab500717caf7a303ce1d9d7bd6470b3db98278082ce711f29af4956fe37f07762852713d:38f796e716443b4a2dc2c6e828403c6f46701f291264ff4424'),(329,329,329,'Login329','e0c4133ce06546586f8285be84c3a49cd80db843c9122108b77219e109aa73930a5495798ae50acdd4fdc3c3f76861f3b0eecd26e189d5ff5c24b63cb6df6d5b:39e46d67417c4225b3f17b19c712fb4e52cc5025263d'),(330,330,330,'Login330','095b4ef2982405fa89b0cbac4bfd0b15ef96be5608bc23aeff3b8811020cf4d6f75a374511f1ef7299ae1535ac99b9231b3e9c8be35a889cfbe44c0255cabc68:4a61b2622c2b634b4443d78b416e680f592f025331ee63924'),(331,331,331,'Login331','989d6c2858c5c8676e19678c3a129e2d2d710aa1b46ff948a88ae53d2d887aa21c7042908c773573098c9ee136a18e5f4b030b046c2bc046c7cf1a641a207fe0:1f783e4f406bb6d972c5117435136a7b442e1c927d26546a'),(332,332,332,'Login332','7b02bc4e7c2e79f1b6e5d36fc2141889724b0cc184501d444094a0be958fff4c2e8e05e867f3e4f4194bc31736eb6adde764dfa91e681e07f18b8d6ce15cb77b:156330302f1f6e753780433c4d785f4429b617497c894675e'),(333,333,333,'Login333','0372550773a37fa0028a66ada72c66f32007995b91dc2fbc27b2b40a319c544e165459d31cae82f90c05de2cedad0cd9260700e8a517eb822d57853fe271f699:125e4b423e2832dd9254f54ef6a285722033258b'),(334,334,334,'Login334','f3ffa82a19f76413aebc5bf19d4fc36203a5fa67f4dbefd9c9eb1676299ea75fe93ddfa868b05363d32841f3217ff5feb05a76ea6db0a61a718a744b0eec428a:a12724474102d55c5844dd432411f44765ea1219b2fbf'),(335,335,335,'Login335','28b8f01df519658ec9cdc40146b40dc793c76c1ac565066eaee68680e21fa0edbe89d4a337175946abe8c2adfbaea6fb06a6e6401b7ea72512f7bbbca0abef93:654d2430f1352d27621c9416643a8027c6a8391b2'),(336,336,336,'Login336','de08b269a5d03e1a9173c50340d8421675170288064c427e7aee84ee67fefd009067b33481e8b38ac0ecc865b7ed5be90afedec09892037c5b439a485383ac1b:5f77124322a5e4f543a467e54ea2007238c6285e6096'),(337,337,337,'Login337','779f308d81737ba1252d6168d72c65a081df0c3d6d27bc3d719e5a78cdccb04fed531b97d2ed59ccd893e8afdae376161b02befe2a871eba88ab2be7ed4a6b44:a5c546064b49a30c08246a48c5723131add2e3e119'),(338,338,338,'Login338','0fafcafc3a145652cbc4163c81a37969e7e8e484ba33273a2f305e65e823b470caa1030c2a8accde970047e14af9bb104f0f653ff0638b89b988100b9b160473:e1e4166e584512bb8a516e4463e196dd97ce71527e2823'),(339,339,339,'Login339','06d1e6d016bf2e9d9ab25e5bd0f38affcbc79c87f4ea17f1cb98ff6adba3915d2d8d8e5edb77ee13ce20d692ebd41face262a3298cfda01e336ab7143e1ef916:7b49f68b9aea8052410c7321897ae15785e1921d62'),(340,340,340,'Login340','c4e7d0f6ba96e6d3d28ec1ace980e1eda97ce5c212dcadbc5a1eb40852e9592c2f65f51d267fd6eefef2f2bb3d5fbf9e54021818f603cf354a97a5b49cb2a43b:591c052a28587fc9d91351c5bfc33e753715b618819'),(341,341,341,'Login341','b0c96f2466f48706d0eea338287e56c449fbc4a8fa5b1a0684eff1b8b3a4fb5345adf9e67a550d7b78dad846dbc2ef7689de6ce5de51a21f85c2c8a9e35a0b80:d6513d438604747f532d737c986ada4d479b48c'),(342,342,342,'Login342','2392577e6c7a965e2a16f1c4f440945170acd098563f83924fe38556a25460bd30d3a295b7b95d4c9eb0272933c734fbad638c9e838b50bd7bea0f072cdfa2eb:7d2c6e587434f234e2481c62cdd3a7f6bce104e31'),(343,343,343,'Login343','0b6994bcf02a23e46ae10f932712a8efb296618eebd35fb771c4e7954a851a992355082409479eaace116dfd79826fee0382e7f763fe98d8938c11301e134688:187b346b6565bb2937a1a146265c1f74f7a35742c47cc59'),(344,344,344,'Login344','d6f2dcbf0f5f4f9da999bdb3230bb250d470f59a143d84f6d4fc0a647949b31125afbb31d84e7094470f74046e2e4b19ef20d0e39826eea329aed911611392c4:a471dc47d6c3d7b4611aa1851cd5717b7c312d252638'),(345,345,345,'Login345','d1ec48deba0af2575891f901f08f0ef622c05fd49e29e07c5acb6a1527257c1142373e83539b99fe73fe8065ba7f451f4eed6d50fedee0e4e019312180db1d8f:7c6f1a3bf850226193187f74635f2183f67a251b166e1604d'),(346,346,346,'Login346','491716802aa379af98169aae4134622202ef0afa5e2f58e3a520f79d3800ae860b04233bf50f68ea2f116ec05d7063794e4253f2641d2bf0295d0c2751855617:3e6e2654d56e235628827635727419de8653858266903815'),(347,347,347,'Login347','8b4bd5bbce69c440823218419d9a45e0e6df97828a3faa1f996a585e66c350abb2bfdb374e77a30f0128a383cc0fc0d1b1515b61f5bf28da48a922cc1690f090:ed3e61c37816067f512867bd2b1c14593e3eb67fa1'),(348,348,348,'Login348','2489c798e4ee2a832d8fd108eb33ea52a7b839fa4dc6c184ff8228344273f9ba8f5d928f0851d5d14da1f30498545b9098c4f20679c2cc7428df16c2dcf24096:51a65754505d336b1a16bd63347919383d6d6f4459ccf31'),(349,349,349,'Login349','a510b8eb95c559db232782ebe9078f110b89f169404413688f45c3ef827bc56c54be2438616ed172eb114fdb172b3dd76bb1673802197b5f3ee8417965cdd466:256350604265b4d702bf1b1b1a112df13c5d4986e511b'),(350,350,350,'Login350','3bf16e89ad0b189f1bbbdda58a86c8b927c4582f0292b6de921d94b71113a8c3a8756910272a25dcb190985805576b55474c0f46688f52e9dbea9f9c9b1847f6:1e6a4947f42783d7ad2cf6875c37435a1733387ad0832436'),(351,351,351,'Login351','f3db3e46bd1c875f28a247117ffc1810bdd6577f60b5f92de01443fe57a2f632deadb235b2fbb5c1a97aadbb0bb65a91d0cc3877dd9539a088ebcd2d4c8856aa:745f5b137b64d5bc721d162884260e17b972b7944'),(352,352,352,'Login352','574493df64f296dcb70e63db639762fd8c3b5ad840d20fe67fc5c9c5212709fea28c6f8413f58903381ea213a0598221e8bee5160dd0e354875d80eb3f3da4e9:f117acf5766e500e13b2f7ed94163034'),(353,353,353,'Login353','292882d770f44abd41abdccdf3a99521362edd467ced5b151c8f3d5406c29f3106a64a60c2f1a099172186e015709a0481b695c2c34899ce02d2e707bdc5057e:137636483d324c8a9527b6f283249da70d1e3e3a12923156'),(354,354,354,'Login354','f607f9ffba5f6686b021b8a9948c5ebcdc669e4bee7d204e730ddcf64bd7c5ce6ed9f4ec8ceb05f729a44373cdf8641eb232e54ff707eb4cd1b27248ee017b02:e05b72cd5266f92d37274c167471633e7b21d21880f'),(355,355,355,'Login355','a608c9c639a1cda002f959130730f1a20dde84fe73e4d4d96cf8edb25fa6f1d54112706ec935093e214b268c26633bd81fbcfc6f526bfbff8a2f292c6b3f634c:6729e6d913970761795d6b67b5572d95f3d3a89c0'),(356,356,356,'Login356','a20b9544b878eba977b188aaa36e134c54ce6116e4f3425bcf124d7a9600de73e178bf981517aa8d6d278bdbb28f8c367f365dd6920a495be1415374c711c082:b4d3e3d031382b652521775734b8315163752378556b1075'),(357,357,357,'Login357','93c659a967e7e8ceb6a54ff90dbbe317879ca8c461fbd633d3bc304af93bc80f670a539b84dd224b4d1623fe68f6a544e12484b46c5e719179e717a85e2e0ec6:dec3e038f4197e792432cf92c91db0397e5e30594022f'),(358,358,358,'Login358','71f6a5fc4dcc09c567fddfcc5cd15db7b1915296e071a3c12489af632ac9148f3d5ce00737c74ab77a1aa56727058965c878a63e9ac2e7cecc97ac0afd637a44:565206f583a56f12a7a1d1f1882d49827348574357'),(359,359,359,'Login359','380b0c67edcf4a895f6f2e4ec4bfdcdb43cd0eea3904d2d75a287f661d280ee4215b9b62c8673bbcacb14c2fcd5f9481894f5140726aa43ca174f6c9465dcffb:63f4774bb223967ac5465494318032261441185a56f42862'),(360,360,360,'Login360','66021cab417debeec7606061e79db861e81d562ccbabbdbabd601b968ecb76ca9c119d9d80d57a8bee3e46a3ec7cef42bc2cf943b0f8aea6a0cc665bc64c03ab:54195b47c6750f6e3a9af342fc7b444d67ec9e505c1c'),(361,361,361,'Login361','7ad8dbb9f4d84550c9311c9789b08245d4fbab1a21c72ceb380491a6fa03959510b338797e245d036615a85490aedc9cfd4f84ca875845e62ad9d10f86eb52f1:1d3611b9c2365e1e1aa753c2a31868c01a3a2102f65373'),(362,362,362,'Login362','a5770f8b76132bd90115650b2c4dd26b1bd80127e0fc6277223b6491147577a365533ccf2e4aa3d8ba861b9429f620d3c85f54c4bc5479cd1c78ee606741b5a3:1c65dd5c4e3c451636397e608058316311d48547867c'),(363,363,363,'Login363','e0914d8b829c7fd93e6e8addf5bb65945e2c9b563a6248157379feca39de5b3edaf0b7fd83e6ca94085dcc773214794828c2e6113546edbcf5005c58d52d7eda:0406127292db94fb6f43153662e1fe94f114105a68'),(364,364,364,'Login364','c337bd5969db94b84527aa94b6652e1697fcc7fd60b84a07cb6451e1ac5bf9c376c6659ed8c1e19ae3446a20f3826c8c3fd4eac8226c152360017afa5f254b41:f5a31d6217e791a5d5a2346be2154aa546f23'),(365,365,365,'Login365','d507501bdccd33fc2d1ea633cbd4885af6ec67d5cc98357175d52131aa8a56601506f893dd691f9ac5992cd8369762d2c3649d73d7e621f6c9af58ce35919c9e:4d674cfb1631293502d2ff55d7b634aac75421552f01'),(366,366,366,'Login366','a00e07867e1f0435410470551116819019c9e352fec18efcad1d6e4deabd802535fa5a8990eefdd5b1f9b499ca21267d6962cfc45ac766d2799a43c249f8f5d7:7b2f1c3672ef489a59596a3a2872135a236c68051c18'),(367,367,367,'Login367','5c37af3d972ee271b3f6bdac0d272dcffadaca330ff4f2d74e1948ec7532e292b42ca72f4dc012fc78282cb1621f9e73d553fb542a690a68a50d0a65692684bb:53f39e7946635e7624114b242d58ca141f57a42a3345'),(368,368,368,'Login368','423ab8de2885e2191caed53f3f154f903dbb17e9e90aa119a19fabdbb4428906c7820ed403077da0e0fb09c44d359681d8264df3a57d9f95739376fc482564d0:2fd838d7bbd121c0c34425d84b1f4d5a6e5dd1f86156f'),(369,369,369,'Login369','5e28ee6bb9b722e8b1c4bf85cac61e8df189c9ad1c4179a5cb1bf6a6903eba756242fa1345fdb333dba82926034b3b77973b6bf783e59c28906c2697172afa97:724805617180b03a77aa068116d5d2f895704d426614b0'),(370,370,370,'Login370','50eeab0f67b62388d6ee1ef9a7b2b676817a4de23fff5678c012356dc0f3cbf59964b85478204437ede46d13cdbb61da12112cde5a7a831addc605ac85b0acba:6f6d1372174133b41f6f315c5133a3a266317e369629112b'),(371,371,371,'Login371','fc9d963be3cd1e133443a3669772410d45bff082dca5627f7c2200804d007aa19806cd67acb31ea14911597a63f597d52a858cdfbe41c77e35ab0157af49b562:9803556e6e48c24632b354f69ce6bc3568080effe26d0'),(372,372,372,'Login372','00b7e3c2e10ddc744dd515a33268184698eee5dbb6c14e338286dfcf41c59072df6c345b2c0cd5cc815f43b49b55747a30da21dd07488e3c595da32f734a1b79:f41f1b848264cd5d2e7b35d642012ced15416350638'),(373,373,373,'Login373','1339e9d2309d762c8e163da5405636eb25af214cdb8875c5caf7fc8c42b2f4568a4e41fa21115ff8340b088fb1635a4d1846139b7a3cecbd99e1e680a2007695:25717f06b5a0665f3723d86f3eb1f0494256655233c14dd6f'),(374,374,374,'Login374','efbed2b7830e0f4568f517b7ddffa1f6c8809764f546d40693fa773e3ce4947dc4ed04760c5a08bf01f1c475d7067d832aa28fe187b815f55b8f0a9ee4fb1bd2:7c3f3327409dadb2c7157f37717331a77c5ee6b5678'),(375,375,375,'Login375','42cecd2065295ae270bbc54b175b3e654d31e7cebb0f0d75d94326b558a79e5291b8d0cd64e36c3bcf07708460277a50803743d3fef9ddac71cb4ddf344a7acf:9927345e858f566ed4284776a429041211973814890d'),(376,376,376,'Login376','34423e3353acc9af1914492cb95477745b08cf26bb844b04a3eff585876c16916ac0e060f1c095f0cee14cafb5260c234d3ea5143dea56905eb337ca0e939009:076d5341346145783d2c3da3b484f6b2c25a74d200b9e8'),(377,377,377,'Login377','0d0ce7d0cc139f290c51a2846be0cc5f5bfeb782eae8f1d3539c71f57d19a319e958337142831da605311490d40845858ec762284edc5151a8ff31228129835f:d77a1f58b461385341d79e6437196916060a01c816c'),(378,378,378,'Login378','c98e48e8c68ceabfd4034007c0c27264d6ba5b3818064191e79a365e2a91626877d0e91add0f3ed03e81068316ded8670e47e4e4c8d88ce0be6f0c7bd033f413:5c082f0e60133bd56a5773d360581d40807164b8'),(379,379,379,'Login379','3ed9509dd1f33e8e5a196e9cdf04c1688c836c6565ee1d8b8d431a9cd99622744227c6ef5bc240859081e9f1c3b0fe02c4a0ecb4bc75389ccce4d3dcd2560d54:6a79d4c61d6a4e581056f12b63d744274c55bf40e0'),(380,380,380,'Login380','b234f245b28a33a49cddcbca3dcccf8dc0588c239c34f9b1499e5b91ab5da6096407f8d212d87ca2614014934595bd5735bc7390f5de7d94a0a4880b76aa1391:7c522f8525148467a2537d27c54e432139f763ab614fb'),(381,381,381,'Login381','0af556b1dcb0436c02d4014e8d202e4b69219dfa7a4851f168360c0de1dbccbfe6df9929f25341f871c8867b7d1e53b93bb24c4ef2c07b25eae67541ba414a32:5f3768d2d6057583f61e7941496693a09291c22a537f'),(382,382,382,'Login382','e357e97a321e1895aa754aa2a45805c3477ede032a8f12b34ce73b906627973de470e6d69fa8248e63329d289fe6b67b257e7fb38ab308e191fd78d3f001d6f6:55812a4573a754545266f125367f1211b42419392c2c163423'),(383,383,383,'Login383','5f55f0dd75f4c45be45da686e4982ebe62719f6aa90e061d5a2868578e0a2589ed480cafd92bc58ef7ae9438817286cc1e796aedd4bce53ef836e06ac4540630:a5745c74fc761d253b69d547e1f37d0e40d0a314676c2e9'),(384,384,384,'Login384','cb1a4aa3c07ceba4eee1bc590107d0fce2db67482b1d2b7f3f483b9d60d13f6e59c245ad2745ab47dd24f9c53686c9e49efeead8d4de8a847c892e801f0ad7ca:1a46fac3d318f563d75a27497333541227c3a3b6a29b41'),(385,385,385,'Login385','0b0dee8346655adb3fce809a1fda39e77cb0df54adffaa1bae5bcd15bf000d92ebd15496c4ca439301574fb41036d78aa5bf58d98c115edef5397008bece0cdb:ad2160015291f23a642c4e4fd10556557e76247501a66da9'),(386,386,386,'Login386','4dc0a460987f068585dd88921965f92a09579d4d104866941682f694fa7b5f170f6e408378b271b13e2dd9608603105cdbe424f3dce2cfb0fd107878ee17866e:66c753e2f963c3d4f99194f5aa7b126d27539781731d0'),(387,387,387,'Login387','e5979bbdb1464b0d0518db8786be24861bc9beacd58dd7f98fff78a1c63ef450dfbef77b3d6749c008da829ede2c50040505e199068685719dfc7e41b242760e:422c51b29f01213461313c674b40c74c384706a74391f'),(388,388,388,'Login388','33c4db8b53d5289496827141557bfb5b1b24962cdab20c2b56335012250a306b0ba523a34af9e2916fa6dc5be7d437eefab00821284250e48f4e926dfd74c25d:13150313a5077f4f1a234d74852b642a5211147a39'),(389,389,389,'Login389','1af7741f2c744c18c9b7a2c0cfb9623775f26af570b20157bdc06eb66a373b8f91a08d5b4b02a327222aa65448fe25a7fd5cbb1e8722d0f1d623dfc4d0312cda:f4ae627b3b800792ddd1384e84e573a092d86053'),(390,390,390,'Login390','a4ca136453a66158ad4ba1e0268c28b805e201238743793bc1735b2538fb300fee8c8768bd5d7e8cdb2fd2d5cb41cbbd96389639f42ad460f36146d1b2cc1e38:3430e940277506df9330360261763b79928255102c9f84c'),(391,391,391,'Login391','15285ff1ead369686590939f872683b6994783a0b28bffc57f4df402c2289e6bff2a52bddfb5cfb75cd9023a6ddb3ba89fce2ee55ac864ee75373ae039bd7ce2:1e2d573c51118a18f17a2a5141944fe7c4910d5c638434d'),(392,392,392,'Login392','37a6e0912aa2f1c3ff82078f79c22ab2b545fae3477062c75242740c11b07362d1ba706574b8e38257a75ab8535983fa795ec39a1bd3fe6466d1e5cd3c575cd4:4de6a194531f45794a3652e115e5ee93212f762740111a'),(393,393,393,'Login393','18f708648078b0c933325c0d45ae557b2bf0fc4ba092d91f92d0cffe1c650a55ce9fa851bd5577360842dddee8ef105e042006d2763c6bff513a3d1b922bf480:201a1b1b880754c50c2b1f76f323836dd77366dc68f2c'),(394,394,394,'Login394','08552bbccd346dec4fb7bc389185cf96e531e461afcc5bbef97060ba123753b83b28390993e7aab6753f94a3968f98d0910f570f765ba5d164a7296ff64b6e1a:867424651780684dde720d6a7e3d42ad3c3f326890c27f'),(395,395,395,'Login395','30766bb399d98657ad1e8b803b05cb6a20a5d30aedcaef1af3ca0ce4bfb2c522aa4c70ad74b0328c4382b39ec3282aa67ab733ec7adb3025449f588b73bdc6d5:b32e2399491b118141f8b50551f436c16632316b2551a'),(396,396,396,'Login396','381a588c28bcd8e0daa4497304e1fada4d428d3112b26ee0d9366dee728178ff0379dfa29ed54ea2eb2272b7490243627f30eeebc54af01073a9083800e04bce:7a2851524911664118477d42431c6f5afeafa2316fe3e98b'),(397,397,397,'Login397','746a6482291780f32a893399e3d4fa6b16848aa40543de5b279f4d15c592921fabfb172f7f0b63c930ae4e2d7256e5859392252f0fa13b48f1222daceb54e7e1:6c6756704732b769415c06040ec57be3841f2'),(398,398,398,'Login398','790fc9071517e43e270b90c1c2c3ead1ceee8eb0ec21e96a3e74e64f781370e3a3470885f54ad925421b619da8cf9b4746b15a01920186beb8a2c6140bc1b8ba:3b4cc4727330796fe0361bf65c8e235104f5ad4c1f'),(399,399,399,'Login399','d80a8bd7e52a500817c7963b801b056ddd692c461e670059da708db0ee2cd94a5220069007733090c8bb7bc1c23b39e97090d5d11d79639065d6489d8c526774:9c02f5d13652f50c263f2169dc647bf3ddd442907a51f'),(400,400,400,'Login400','271168581bab3104ecb01343fc8e8fa3b658888ca00ea843d132453676dd3505b5cf225fe75f705699136feaebff72142542359ae68aca1e061254154eac74f8:3d6abe536ad39ab3de11b54c545aa14491ebb152282626d'),(401,401,401,'Login401','aab931ff29a5c7ba20cc75826ad11eec1f9820405e0f089a05ae2a3bd78f70b448aa5b6da0630f2fcc79367f62a28512a89e842600e6023b48f4e8337cf468b0:4b7f48725584c22e78384d271873412196259226334'),(402,402,402,'Login402','f46166da822429743900c049e1cf0ce7aaf3e5619466a5b8fd6d70bc90bf769436f1cdbdec44e7b1802186e0205a02fd5bc21d02f6b9108790b2645f7c5f76e5:3e21e5c2ff4e6c2d412173472dc6d42251173f75f14b2'),(403,403,403,'Login403','9af2a08558ffb0de2267d1a25eedae6ca37096b754dd81c11c5e2a40aefe392f3eb8565c015e113d6be8882b69d8462644cf87f23142ee23094d9f6c9a99e274:052b87799034124625f62d704a32515b1d065d9a17a'),(404,404,404,'Login404','ed64ba9a1137cf118d22a576c9de73904b255f2f76f659f6cea0dc3b7f515ce78f94860fe0653ec36380f879c9944d498c2ec908c97b7cc8accdc4776eb0b80f:61444c531e5751a6940c37241a6f9743951744212'),(405,405,405,'Login405','3315b40ce58da0d41e2933348dee1fc0ed02d96b1d360b3e7a1317866fd2e84ad64176e8635fa5283c39220192a59f8d437d6cf121ca683cfa798411d685a4dd:16a392458f80635e677258e23d18b111e154e484e6773e74f6'),(406,406,406,'Login406','1030443a712428c628e84e2c151e59f1d33ba3d9dff7e0b37c8cd6e1a272e6589a915c8cabff830ba3d5c86018158d5d7149d01bffc10b8b6e05a6fac3f1dd9f:529242786c1773795a4a39b4ff3544f78362481437a418759'),(407,407,407,'Login407','40fc5b57696dbaa9074af61d6289ef7b1ff176da096a8e617c87ddbc524cb53eb8b079d1816a21e30411cb39c1a4a85071a7391f0643d3e1e7c8fa1309acc509:07c4db51d4e647713415d556d3a04e7549946f9'),(408,408,408,'Login408','5b906d080fe95aea897d7f6f1f90da309004e3f53ae09c3bd9def8472269f585e8745f9b39c031f65a0867dc2bc5afcfdcdfc556022d354547c5ee1e43306fd8:80856202724e55f4e5d32a2ded1801178621951c2577'),(409,409,409,'Login409','2cedad689fb43f004c939d0850e127f151854c3a895b87f44150b21e85adfcc18d4ee074f23d8a3753e241f6e32195efbdb01fffb66c9284460720f42e13b134:3f162337b10d2822ec644843523011275e596'),(410,410,410,'Login410','ca019f016456d280564764948a2ac4679d099639a1d5b113ee56c0f83043f27498bfee350fb55d21344a52cbfb18c90eeff37f9e977a4392822340b35c32257e:13b961c4323553658965e1682ad54c11d2cc7617754e'),(411,411,411,'Login411','0f945ab41e236adfa546a67ad75b075f102d7de5facdcabd63dc2084af8f465ddc2a70ceab1fff9a5735ad667af085ed8286af0950afdee799ac895964cd90f5:7ed163777318853a772813f1a5c2d612703cf52783640'),(412,412,412,'Login412','697d94a6fd838ea20ed4e8f2bf2d73f27a0d4de188701f35096c777802d1117724e5dd8fe93b8724c87b8885fb2e3bd8d39c04f5a0c980839f614f8362beb8e6:71ab3e567e1e6323ca7b24aca12d7b66b454f82'),(413,413,413,'Login413','06244153883c13d8a7873cdbc187bf5e4fdd77ea8c8201ec93fcbb0c86ebf70d8a4cece0f7b6cb555366265dfaa401a481f75900fc7649e0e1728dbd3bf1af5b:bc3ace3b107d68e36d7067f83f28f697b5c5594236b'),(414,414,414,'Login414','1d152c3c9f6980ad99e788e36d348b40c7a3a91b08c5eba26b7e93dbd4963a4448019abca4f59676e04c28dbb8479735921640bddcc7ae6e7b0d9f1e66f86bab:b3630f720fc566a06ff5b346439e4661b3226408655780241e'),(415,415,415,'Login415','eaa087bcf6c9d34eba951bc6890e7ef9ece8c017ccb398c4c595ba7bef6434745797af626412ac76d94349acc4a4c8739940470744064ca0f07b32f02cd30f3a:a06b1c12722b6c5630613341049034fa4f557553df718'),(416,416,416,'Login416','2e534688e49940c9f65bed0b6861fe19069b3333e7b2444fa2cda6d30fc9763ed905b70880ae4c7bc8b6481dcd89b48d0075f5d1e3fc1477e21ce7e1192735ac:1e32534e3e16f5d43bc452101b560756020184d1533b3d1'),(417,417,417,'Login417','28250eea3c72446c047deeae625f9443b3896861441929c75d25a45d0f0d160815c0988a3508d186962391ad4be359fd1a5cc86577dec1058a4a43aefbabce6b:4f617623a72742b5b279e5325976fb233f3b794586ce17'),(418,418,418,'Login418','e3f3e6e3b5cc6fde8356c74e9d3cdc3a8d1754bf6aafe2369fecaac944c444d45e58074be3266bba2007533c24029922c0d57a62c2f01bc8e542cbacca0ae504:1b1c4ce541586613c6d12ce1f2ae7d7e3b1b9d661977'),(419,419,419,'Login419','a654414a95b32e1f3f9565fcbc9857333ea2453bcf0dca6827351023bba1efb25a482887af3db84e305c943702f36bbec283fcbf2c73fe36d195a668b8d3e145:6c9e302a051a3fa16ad3b96b44fc109e500954b12'),(420,420,420,'Login420','3ede3ce84557c40f51796ff51f40fafd809d92ab850f21a3891f83d756aa2ddb3d3d2ed28e623a3d5dc29e9c70df282fd984f18ba6e8ad7ae8773e259985dff7:a3ff92223d2ef03e2d33d6344256952dc55e701f3cb1'),(421,421,421,'Login421','c7f4a1acec4212fde6246514826ad41913aa17894a97b80ca5626f2f360a77e9cea05707add535e96b8d1dcb9f7ab344f20e09e49d55efe295b6d923fc09a657:55467366956406053897901c58634af929e743f37575'),(422,422,422,'Login422','adfaf60e28450aad11c99367189cb52a3852a5fd14baaa3ea90d59601ed15d5777ea151106c6219ebbe4104a2aff8b8747fa04312975ef7e6e3d90fdae023b60:23b402f1f3730706e3b4d5a497c577f5a1fe334cb2bc'),(423,423,423,'Login423','ff1db83e81019ee9c0e24aa087a9e3dc0737bcb766176ef0121df118f3bd156e53d63d43c275c6e3f90a84ef0923eddbcf8a7fdcc96b1da22d16faceed421501:7854556b2572b017bde153fd741f26164dbf1e2379e2'),(424,424,424,'Login424','db641ba6feb595345ffc07853dd8d4c6ca423cec4dcd9d6db0cc53708803019b8e2b3a462655e088a47d0e1810c61e3c738e113c1f091053bc8a4394942bd6a7:e71287a22e50c3a5544854d4b11b6f6d7bd4c968b2916'),(425,425,425,'Login425','5e08f38516c2de51517ed9687ba3908f5d176576c4c8c4cf6ad000054c8540c208cd1e0cbc39d23b8a7adfe45bd7b9bb827190f4dd8a2fec8416074dde85a488:377212c2f074eec66c2b9b45ce4cb373b7c5e527082f6b'),(426,426,426,'Login426','25a4fc1d86bbb02214e368d030408da01fa0adea5b08a660a3dea8ab1696b49c2e43dac1e1c539faf37cdf868c07c23d9eca1b6b8665e8068951aa4f0faabbe9:439725354e7a74a6800b411791696e7d4d434bcd1474ef'),(427,427,427,'Login427','bfa6bc2e2266e47e5219fb81af571c67f158b8c8bc7dba7508f2cd69b6d079aadc414e86df3d0da7da6bdd31caf93253724002266311be9f800367d0185e4b5a:1a786cb54c046e357d095c92a16203547185e7832d635c3776'),(428,428,428,'Login428','d31a07440e21f30aeb0c7929ca04599e6b2323f8dc956942695addc993621453cbc78997b46bd01c0991f6ac5acdd4aacd759745e8a165901e25128e66e812a0:51541c6b4f4d5c674459e26a13846a336711293ab573'),(429,429,429,'Login429','a8317a9934141e844290761ad904f7bd7d5675d3c56d1b97cd563c6d8e404127ee0162023eb8e0ac122f4f9e6093e1f2abde335900f2b727d6ebcce6e510f5cf:19938d929fd3bad4cc876057a71729f295d1f37a67546'),(430,430,430,'Login430','9230d20d39742810abde855665e34f1a221a4223ddfee73c3bab82309506630a087460070708d757f370a6579e2125a54a8ebbce67e760efcad32b34ca588808:102f7975b76463dce20443f31d76413052f42f1ebc425c593'),(431,431,431,'Login431','ec89f8a4385c26075e4659dd793ba29ce73c936a5a8c2d4b3a9290f01b0b1870c267a994c74542ff5b28948dfad7a50688f562faf9cc92bb91f942c9c48de7fb:502cbb1b19d338551a2059b6115fa1c22602b2624a20730'),(432,432,432,'Login432','39238c0bda4b5fbe4c561124c5a1d00cd066c58de97d7bcefb5846395d0328681f28dfc2763ce2a1604226c0d929f09e0baa13d481a25dc0a7af0218c3e294e1:372e45733a79ac936a1a54238684f6d61e5ca5d65b719'),(433,433,433,'Login433','252e980c2a2a467dd7858e5bf017eaf9058b1ec5b244286d451e82212dd4229ce1b9a73bcd0e1c731bd687f1bd298aa9af4b2484573b8072fc7c2ca482583a62:33a5e2364b12e067675645051a42f1c65647cbf6301bb5'),(434,434,434,'Login434','48e85237bf3bedfadc8f34837607f0df77d2bc2dab03984ef126aa112aefdde124887d675d9b04d132fd7a5989422c9c14aa9dfdad30694227cc56be2341da5c:d7b1bf2d5481a23ba336cf268c14a564181c6e1d82d32'),(435,435,435,'Login435','19b78b3f215385e2b46903896de458ae5ec7d6639d0f1632dffe7cb04accbe296c8359c5e41e4e699846c0884333d8d390a21b0dbe6c8c1d364b30f5dfa8f499:44bd463efa2d5685c6041697a34144f7913b565d5f515c'),(436,436,436,'Login436','ccdaaaa79ec63bf138d5ffadf1e9b74cd065462ecc925bea03f186250f4a04903b8b05994b7a851c9f2ec86291859ab053c3ef218629f9758638f0bc4b59302b:80681a2797117df35d4122a86d717f37a1d3cb413d838092e'),(437,437,437,'Login437','d38237fc83b6e42c48dee63d1ce171cc8893342f6d27c875655d73d4f68970d3c6771e48191a33ed323789513eb69518dab1c23c7a8b169937bc2d9aa7944bb4:f745feb438311710721a62ed1e3a1ec1788e91f226057'),(438,438,438,'Login438','7c1066725aafb4a221daa2bfb813bab29c6e99a68db1e6cc40bcf487cac22dac474062b393376ba91c6e50e6d673201a7dada95c3e2a3d06372a3d400f1c3315:42f46f7266446d6567d1163120b4712c46347fe54163b7'),(439,439,439,'Login439','26165586c43310a00809d72521d6b423a95597d1b63c55bae297c6058e56a6ac1c58aebb0f93060eb1647aaae67335ae848bce9d2f50578756f31901558eb583:b1d906550738091697dd7f1b172522c78941915a6d1'),(440,440,440,'Login440','c76f5a7e8459008bf183d1c899a6d68119228035dc1845e28d84f01f62b520888ade2d3570ab4973796da77ca6122ed6163d6377a664d78b819e40fb08bf4bd2:79a84e52d45871c3598d53235d0f25d30403c7b47'),(441,441,441,'Login441','2319bf0b1f4f7a7b69dd01d4eef76d7891e8c540055b1cf0393f2c6a62cde619f2645d615c56e6f037dc13e4af158630f96774956053ad2e8065a9913fb3e891:5ba4c6c884dace1e6329b7a74584c3b77121421d617'),(442,442,442,'Login442','fe5da45a4c3b6469133fa6b5b8ea9055c251d7c810789b4208266c372a86dda6e21d6a4478dfc0e250a2cfd830c60c1367a07f38cbb5606c0b25124b1c421670:79f7c5c52b17a2a4e73d434815ec86cfb05878601f43f11'),(443,443,443,'Login443','cb75164386b7f69672e9466f8d76376b904b99a0eb8ba5356e49ce49c5f4432f952692b21c6e88fd3ed88dcb87d4e8e17f33038d82f55e40080dcd4b89810916:8871a255d9245f5f9419a7cbf03e979493f146a9'),(444,444,444,'Login444','ea7c4515938b16b081c365207f5d1ccd0fdcd7fad2847c7a94ccd25c3d8516a46a6a3350bb9b940a3ab01f5bf4e7381658dbfa93fab59e9cac7ee48c3e924a03:34c7d116c7b5b6bf4037991d4b5393a04ee24c1b551e'),(445,445,445,'Login445','213b598d3a6a0a268bdfeb0d50845145b7b31eec5859c88758cf0f8bd1d31718178293c88bd6d6c55069c255fcd21fa710e2e54faa2dcabb178829e53ecee41e:7614676dd6e2965b2dc4023323b3a591d5d2'),(446,446,446,'Login446','ae404b04908e885089549eea3fdb4cbe1983d972ffe4cae769d50bf0624ccb16a3b6fc12dc715e51efea31c6b23d54cfb2bbff0d0a8c24d7993cc334d2ce4e9a:5ad7b13dc19429635927656682cc7be23346710337ea200'),(447,447,447,'Login447','6a5289b187933569d8102b96fca76bf17a95f6b90bc75bc951826e1c0f0cf4bdf05cb50c0513265cefed768ab5d5bc53082f061da628a29abf3a8ac8739227f7:35dc6c3211573842625762446205c522642584d48505ff'),(448,448,448,'Login448','33e2342bffb05bcbc299a752f0af068cc9c0526a266da92104c83080186e4d233c740f65b0014bb0eff17b9e626a933b110c10472a92660c83975895d43f718d:ac73a24465b267006b4c4373767406c57406e1015eca510'),(449,449,449,'Login449','ebc8e47edf43b2c0810c3e93c68c1aa79a0c54f7b69ec4b3d9a7c154e0cc9ce629f92518e4ccb27170ac3381e253df0717632d52333f6e611a7f741c512da12b:72c6b306c54df530bb4b6ea76b451c88a37f1e625b1948'),(450,450,450,'Login450','d9c0e9ac0f82dbaf38178cc434da8ccdda0e4a4a1137af0f8b70ac0aac30fab8ece3222a04eddbf641fbc5bc04b00a52c2261d18840982aeb2a30aa3010180db:11651965b542204646319306017e6939d79e61b62d'),(451,451,451,'Login451','c55654223bc2c9f103770ab5ccb7ee01ddbd91234fa6a512b7f1f5e829690ae7dbfe42f5cc47b4c6b32a3d5cac5848e8b92914436998623a84ae5224c01cba30:7a5803d2ad32b4567942261203c47170cc93af806d857'),(452,452,452,'Login452','2b34796b09d71d477386654a361d63bbe5fe291c8623d169397efbfe7c02635acc8a24a3eaeeba9b0a33e54b1afeff7ee86e66addb50469b7660ddffe0399cba:6f5355d805fa5603993202707ec5c56137df625c3e6e5a2e'),(453,453,453,'Login453','9e1714627a42cf61398fe42f8c89565b5b36e515717062dd8b56d88208109db6e923cb3e1a5198bca9ee46fe257e224bc54a91be762d679b459d621bfc76376c:541a00f4f570c1002f146064580734b31377322a2e'),(454,454,454,'Login454','7e2abe5936f92b5020a509727d853cf25945b608b81d7d8ddb988aeed707bd4b19fe4414ec0d817673f842fd5c8b660350687404ca8b72e7461d4b7e2725c2fe:9dc76f96141de83fd654e355eee7353c314517e'),(455,455,455,'Login455','0dd32f48c3021472bb264438329787c00212657a72c346701570a21466c05f34e678986a23e95f5440180d896030650b91b1ad97516c0c39121cbe61e22d1ea0:6b126a9c2607241d4b2e352533d5a6a58139474e'),(456,456,456,'Login456','88672c77781519f9098ec25b64234e9c8dc4199219329411259b80ba26c8accbf6a96a27680e838441456146f65cd424d0377b2c5e4220b218b5f9b7599c4a0d:5e4b375e632d76bb6aa7241a32e4492c7694154145f3d2056'),(457,457,457,'Login457','1ce5901b6cd716ba00d74a7c09263c76dad1ed0aa8b6dc10d58d10f1d2f86d679ee96a643709e54ec2bd28ff8f9aa945798c1f78b812922418c40aa5fb7af846:82c376135c153586744793345342204c342f741044d647cf'),(458,458,458,'Login458','a5c3bfab74920b6cd1d21c637b3de6f10f3b27b5ec442f234e7e5de1319754d3877a5bed11b1ea867df76360b0bd162afb4c6343f8cf6813d7bdd1b34fc39bc8:3dd56964136a7bc5d765c64001c52145c7e3e4d86540'),(459,459,459,'Login459','2389849859cccb5d9473c9af1dbc2098c3323afe94564db778459b9085cc0e2624af1f50f106ccd3507cdaab10ae80b7f8d718d6345b70dd5eee009e92650a18:76694ea2e37a63a384b213417560e7de60297942a316cc'),(460,460,460,'Login460','696ea3057163228987aca43ce7ff382e2aa490b0600dc529bd57f5ac705dc22463bcc6869e00624928d58bdc52e4549690e96cd5e0021ef9439897a3441ba0ae:d3b51850334ba3c5e00163524b94b09564b294269'),(461,461,461,'Login461','489089bc4a6d1ae83216988ca75e35f4c21519ee77378e7ec618b7d184893e30ffc843f8f7ea802412ae70f385cabdfa84a5b678b8845b652f51521b33716c78:717063314324523fc83c21400d4a115a571edf14f94f'),(462,462,462,'Login462','44f21143458217289f04ec4de629093df07aeeec8c1423b3860a76301d794aedf077a9e3e5c5e2b46cebc435ffe27734f619a2b7e74ce5829c4c800a1c3467eb:5778fe875283f479730d21b1fb71f222a4e7f983c81f'),(463,463,463,'Login463','4628fbfabef88f8b9a9cc28e5bff92178a9e0a71ff3a83fb93a12a02db15c58b678093a6172776615a798e87148b6e456c85e54baa79a56d8e1c6ae8fef60619:f37d0433e4b1154376a7525686a7f97a5d251e1a7345259'),(464,464,464,'Login464','5e7b4c7b942e344a77a803d7f8e7156b8b5b087c63dae4402a5d40620e99f26f076fb5797e19a3c4270feec15815a5d90ba64ebc745f3b6edb31fa16f28a74bb:68a614781d439e1e6612d7f43f294d65fe1c7150349737a'),(465,465,465,'Login465','69841b579750bb0cfff793efa1f5987a3a698f1dace259f3fb7ede06f6242f60c4c19eb1126f263c11133f35d71fa96c10bc974ea4e7cfbe2680565439a6035d:377503c15235d7331503f3f41eb32559764164e327652fef'),(466,466,466,'Login466','380480d22da859f6506ac1f0b1264da46f4c88cc9f0217d2eba1f4ee61147a348a63eac49ae424ed43b4ffb42ae1ef8b4855d65db0ed0c5c68e1cffcd4dd12ed:a62d6417c666024633a67b8444a74042040705245cb'),(467,467,467,'Login467','5d62244e6dbe78952cceb2a87ed22e47fb73f65f985488fdb039364f935a0267bad52304c6d2ca930b4e651874a4f007df211f82327f920cc2b8160d59f22932:363364946080555d12f7643c33145d3517432b77cfd3b3d46837'),(468,468,468,'Login468','bd4679c659869196a40e804068dee6c02ac63ed5935a7b46b0c8ef66df5e70c8e35e53d91661d41a193971bc34632780620b4c23956ea40f10fb186cc1a7fe1f:e6a1422f5017364a74f24fd59a2d74ef225b432cf597b'),(469,469,469,'Login469','185c52b47df6c2dac536fc98a1ce64bbed89c295f3e43b35513be248485a34ce851375d116607d230530920fafe4f42b60d76dc27ba1259593573dd60309685e:66297c6e1b6bc6764685c1b4d2e5a1584d5db371233e7c5e14ec1d'),(470,470,470,'Login470','4ff1debd1f55fb1ddcaca2725f4767df061e9d6f1cc75cc840ba79391590911d9852d1f760eea6a95ef3eaf156b8d1f596947143241de2ba2344536f1fb48dcf:73e624af931e31cd4c96733421a4e6cc13983b'),(471,471,471,'Login471','7248c76314540a167f7151a2d3e0f0ad8220d408fc8991ac84dd52f8da0e68e0d9c8e09e8a063868959fadbb9744c33ecd9cf136a89c2288d698e529402b020e:4a13275b223a2646449648b1263b9d33425759fb157a0'),(472,472,472,'Login472','9301417a3b5e0c16af7f78ce783ccc2620dbc1f2528d926b07ea7aa41f930c230fd13a9493d8128ce58a4ad1898a2af54a805d40dec06a424da4667029581237:76611c464f7535203be314d05775e4b5b755fe5595'),(473,473,473,'Login473','6a1bc51cf2236e36806cc9e253b1176c21cfd4aefda0e8a437587e0d5eb550ecbd6ba5dbbf4191d57b9e386052186561e18990d70b00b81dc88e101b755fbb53:49624168e335b2c614b552f874348f497f472c50'),(474,474,474,'Login474','ed2ef7a0d01e00a7567d5b8f62b287c862351b910ae4eb548a4ef7ecf0da2d502841c462e502aa357b953ec8dbb66c0a86ee0d26c85502a47507fa896c3e7f9f:70253a1a577b4405335743f6c457510186f7f752976525866367a193'),(475,475,475,'Login475','feab2ece0fd4805aad4ae06477b2cd88b73cb454ce3fdda2ad4b6607252011c29d4e4acb0cc620d21067eed21e5e48d39f831cc7a332f2f8d875e925556846ec:86eb86ed4912bf846bb43116dd7e428183eb217b723b57'),(476,476,476,'Login476','69dd96965eb464bb6ef6be27d9f97e7e2358990758a0bc093cbec91ad967a0b8d9dfb1cb063f120f11ce82b81b9f24263daa526b6533848c571c571392ed7b3a:395486a58cc667274e682e1e82a311617c8915a1e6714'),(477,477,477,'Login477','9a6e6088d4ce3db1cebd868c2f78dc841821748177877ea2d7f787f7bd21d6fc51f445b31eeca41fdd338a460fcec8fe96e16d11f53c6bbe1d44228eb44d57f9:bdf225555f63723a61f37c222766baa69a3626369222'),(478,478,478,'Login478','75a27c1b1d532de5ac6681d16a223ef29851d0c3c54577eff75635c2bae34922b33aa6ef56843595556a353714d315f974e4ce5ff06870fdee37be1ec9601a90:4092e0011236431346d534c05c3e8218144d304db115e9'),(479,479,479,'Login479','33632d16bec4986efa761c3cd138749baca6d8ba8e8cb6da3e88293c743ccd13f4bab72e77a07dcad0e7dd8349d922e7f237d7a0f699f3d6891c7557677d88a9:68e45f6676686959b77c2fa551824e3933614953b61132'),(480,480,480,'Login480','45d1ab82525d0f659224ce943a6d8e1a78bd9fdc845eaa41908e242ea4efb499c1a6c19d95fa026715b374507a0557d5517ea7e2f7d4826c69ff6d4475222013:3423d561f8ab1caed8c77e6b754934b262d1c387c72f24'),(481,481,481,'Login481','1c5e262dea77a8d061109c867121f835e8a0de6432d8ff67b97ad2353d5db7eba7d6025aa0a6b125b91b802da4507e0280db3f420aa9343e32f9b11ec1e5b003:660f691b7350671f021629f1327420fb44c5b10056'),(482,482,482,'Login482','1d9248f207638ca851e00a31679c5b6e0ebffabb5502ffbb97ab2e805a66a51a23888c19d4e2e30c7183ee0deda08a71bd973e22b48be3b6b2a4ceaa34273d11:b26120907af5dc1e6f48a1643e2a3370785da66301126e'),(483,483,483,'Login483','51af5237ac01fbc3fbea622afd91fadf030cd76f0b1a5436c010edc07008fc247d661d1f6105ad7597c757fc861cb34bc5b0f22d2d9ef41a8c6ef3d3a5aa12c3:2778644418b4f621b173a03f9395ee4b67353'),(484,484,484,'Login484','df7bd2c59ff53dfd9067e203204a19e30e8ef6a8837f52e8a183fd0a7ede9f6f70a2c69d12e6ef9fe0969b2f7c05ac1153137a5e965da2b9dbc072f33cb6bf92:3b1d1367d402bb7b3f1a217a1f38426f38a28567475d3417'),(485,485,485,'Login485','4997d05ade66da83cbd1bd0f460868aa7da2a6222302980da173f73ca2f4832e7c3e7a730f4e09742b94e0117763721a6316bd9927491991e49ce087e473613a:3f4421ecad04323f21e667b56590154461a216d3876'),(486,486,486,'Login486','eb1038b681fe42125ab29741f0a8b06535f53995bdac3a213ed1ba4495c57954770b0893ef8cbedc3e6bfd5d38f58adf5a6b26398ba46fc4fad42e47a88ae17e:c3a561206c975c7da6547197245b78454b14ea7c57731'),(487,487,487,'Login487','90920a60eadfaa3ccc9222a75392f1ca0ed2d8172efd7a5f8101b4319ec3049e6231049dadafd948117a9de31529ee9e107c689ae9e20dd9c82c24a21e0a34a6:44bd2c484504761d625aa724d2d7911c1d722d5762db6'),(488,488,488,'Login488','229465a061c12f4c0e4f9e0543ce1d288c1b4192d7cdbcd97de39811a0c5c427b7b0976ac14feae6d52278fd45b3726b2b30e07de58b829c9721800a4857ca8f:ad7d754cc4a5f377e4818311e11435a5576a803a6357'),(489,489,489,'Login489','2d8b35a7fa89c898afe987a99b326a4abf0b1d917cc5f49df7efd01a04ceb75b518ce84429a2b38917f4bac814b14b248dff2dd2c2f91c1c8298ba20692fe2fd:7664847dca7810be5b22a23851f1b244c5d2c1ec2'),(490,490,490,'Login490','ddc50a49aced300c5b24b241740b392528d93a5f82680769b6e57bf0b571809bbfa9c24668e29ada1fc67be93e8ef5a362614da35bb37d804c4f2c51c9d9f4dd:485069861cf7dd3bb1497b755f3745449c177497217b'),(491,491,491,'Login491','f2fca096d008b56055928f9b71b575aa8473f9d97e9afb09957d72f357bb393564aea6c5535bca14ea2ebe1272468d90fe4e6c80514cd4dd3f2aa5e410d4fc63:2ce27b263fd6abd5793252b302b382257b5cc2e46551a'),(492,492,492,'Login492','b6ab7c53ea14fbf82ad1e653d73fe2d133941bad26e2d719a8a515d1dbae587842571e1a8380e5f343bb996e0fe957942953a0b8aeec69330657cc27dc82a405:7312332310b3a3d2e35de86b42f3f173960604ce715a10'),(493,493,493,'Login493','b7cbc693cd1d8b29307b42ada39e4022bd103f99276e96bc18c63d3b531b0e3a7b30f525e0bbb8ba89d7a5587249ea0b62769f8b6ba3c09cdfb50a7821a3faa8:2f1722531c33c338517e618d6406d1872e2bd5f17243e'),(494,494,494,'Login494','29650bc1d589b277e942aaa0c94488d7bde947744eba86f1409ed1b303e6cada9c953b995cc7f9c96d3927b06612b4b3a13c4c3ed35487847ba0907d203979d8:34c456f6d5b95992865bd3379dcf461463398f5d1ac'),(495,495,495,'Login495','297f13a22a0772d5d3951cbcf7a155c9194b1f2ae3cac40d0defb6d4ec166b29cb8d0140595eb0c091b8306906ef7f10e19fa152b438b887a5ab17907e269119:38134f121d139702195e4751d3449261dce55912c'),(496,496,496,'Login496','b17935ab9c9c1cf057809749a30c8fb581ade7cdbf1f38a3639abbf383364d83b6f4551d6bbfaf9234bd120949a2c66a9340ea4cc147617d10f2c8c908a87a22:174d792816aeec8e6f67342275e42f5bd74'),(497,497,497,'Login497','408f7dcfa3d428dc217af9df41c6186f4d264b2ffda3220bd6109549f3706b8179beacadf6bb447f0f09ee221000be53a58e109b9121af36709bc972fdcb6882:15efc5f59664fd832dc42b3c1586c17b166b4f79'),(498,498,498,'Login498','6e1b482da994ef66cd84bf31f5a38ec7eab941f9fa87ccfc1e3faea67a16d34e3666a6dc487d3c7c4b2564c7a9b36ec3f213c4ddf31449c1a6be4ccfc6ca24ae:3b30da7d885ce63666802940334508ef300317489c'),(499,499,499,'Login499','005ccc290ff7120d33dbed548994864fdeffe08cf007e44457dea6cc28daed2524087b8b5e89358ec8261a453994c5086ab6e3c1cec1e7a843e18de6d02fb17c:353d7bfc95557e9797385872126b533f6f97e4e15a9458'),(500,500,532,'Adam','90da9fc6c3d86f28f56478961ed2ff01e3b22bdcd2d09a4e24de010a84c85e09560516240c938435e0511d2330d14075f1050a5fe5616dfcd33ef9760fcfa1e8:a2a1db0487ab433d1a1bb6916184b6b87151a75c6b74ad52'),(501,501,534,'Adam1','43f585b6f53886ebc5505ebbe7f022c16c548d1bb737a254461dc3f98c97561a3261476ab281c40de8c245ee29123f9ad9b2ef8d4065bf83650d82793f1c01af:337637c977ce3a5e171dc4b564151644b96449b130d5d'),(503,503,536,'Karollo','26a5c461831a06eb821ea59703654b05ee9b850c73699f4b64b1cc9d2fad4b04321f8f70581eaed54dc592ee240faf43c2baa7592da19929b86f5620dce0d714:c3686cf51e10949f75ff5970443a6c817712116800'),(504,504,538,'Karollo1','3b915fcf8f273fcb5d83613a6b4a4791ef4689b780e1e5aee3e54fb583368d6ae1cdd506f07aa945553a7e47a2d65abf33b202a2b38cbf31459aec399218ed1a:eab1d65187936297acfb5160289421e122aeb22'),(505,505,539,'Login','5da00528637e33a079d43be16504f24888d8359ab4799dfa25ad4b5c9940910d44f7ddac091fcb7e5d6b6083e011c5bf1c51f32824c452119992a2546b36a877:fd9125b3f1527df2052591b8ede055d7d62359f'),(506,506,540,'Plac','6d2919ec1b0d7368313277921519a5fa3d51871fe20913fc85618f73c9305487c109e13b49b065de50bce9bfb2f6682b90d3db8ad99b052e854589b3459a91e4:31103478434e07a3a1775c2b421e45569141e8425e0a5867'),(507,507,542,'Plac1','be45da4a1b7cef29292c821da0da622fa189db8fc6e3da8058aab48846390cfb4cd71b25ecf0f8c09d45789e480a8281c58b42cd2bce0e68db94960074b3a163:4f27714dcb7a1859896c271374955c7d593ed34a45d13'),(508,508,546,'Login1231','f73fc92f768993a37ebdd950ea6a8c5a04028d2f7981dfb48fe80d4b38c51c61ef3afa2eec1562ca9f95199cd442f6cb064d4974bd9994814711500790e62e94:c856c3173592ca1d3f5266cf22322333dc71f135f60e0'),(509,509,550,'Plac2','cb9007ef117e16c965de48ee124e7b3ae88af5b3a967ed99cf6e1c60edce77cb6c493bc7c8c67086f15d2a80460a248589a01c48d84ae35694acbcc63dbc64af:91b276beddc20685af5e47313e63a19fa8438754f0'),(510,510,551,'K','9dd37f68bd876f68ec85c27f3a2ed8145046312241e2f5af56ce68d24ae428e5403776152fe50aff580d6c79f608a0fb834712abc421b27800fb051a86fd398d:2b39577159597ee6f1a104e572f72a5b0631e3e79'),(511,511,552,'A','93206110402fcaac63f24b66487eee24a815f4b3ba4489e706112e040cc5af9c9180b88965ee7c50b787e8c683bcb97c36536dbe6469dc25e737845c564e2308:2a142d393bdf973a124f3642620969163d38430a3295e510'),(512,512,553,'bot','1ed94ff0e22dbb2092176f9efeb7751ffbf1037eb9d8fefd3054e20f5db5907564f303be0e16c4938a31ab2222842b8db16809bcd37399973a4a5e189b47b457:044b457d7d6201855712e73542d4fa603376b60e1918'),(513,513,555,'Sprawozdanie','80cf9c9e778dd7f7be343e9a2f40119cf342bbf04118c834add8d1414eb4f22fa480b7c35f6548a60a3ce19236c665cbafead3d73fee65c1e94130595ef19320:3cfc637284386a54232ce97657e65f7278036c577ba83a');
/*!40000 ALTER TABLE `klient` ENABLE KEYS */;
UNLOCK TABLES;

--
-- Table structure for table `koszyk`
--

DROP TABLE IF EXISTS `koszyk`;
/*!40101 SET @saved_cs_client     = @@character_set_client */;
/*!50503 SET character_set_client = utf8mb4 */;
CREATE TABLE `koszyk` (
  `koszyk_ID` int NOT NULL AUTO_INCREMENT,
  `produkt_list` json DEFAULT NULL,
  `wartosc_koszyka` float DEFAULT NULL,
  PRIMARY KEY (`koszyk_ID`)
) ENGINE=InnoDB AUTO_INCREMENT=514 DEFAULT CHARSET=utf8mb4 COLLATE=utf8mb4_0900_ai_ci;
/*!40101 SET character_set_client = @saved_cs_client */;

--
-- Dumping data for table `koszyk`
--

LOCK TABLES `koszyk` WRITE;
/*!40000 ALTER TABLE `koszyk` DISABLE KEYS */;
INSERT INTO `koszyk` VALUES (1,'[]',0),(2,'[]',0),(3,'[]',0),(4,'[]',0),(5,'[]',0),(6,'[]',0),(7,'[]',0),(8,'[]',0),(9,'[]',0),(10,'[]',0),(11,'[]',0),(12,'[]',0),(13,'[]',0),(14,'[]',0),(15,'[]',0),(16,'[]',0),(17,'[]',0),(18,'[]',0),(19,'[]',0),(20,'[]',0),(21,'[]',0),(22,'[]',0),(23,'[]',0),(24,'[]',0),(25,'[]',0),(26,'[]',0),(27,'[]',0),(28,'[]',0),(29,'[]',0),(30,'[]',0),(31,'[]',0),(32,'[]',0),(33,'[]',0),(34,'[]',0),(35,'[]',0),(36,'[]',0),(37,'[]',0),(38,'[]',0),(39,'[]',0),(40,'[]',0),(41,'[]',0),(42,'[]',0),(43,'[]',0),(44,'[]',0),(45,'[]',0),(46,'[]',0),(47,'[]',0),(48,'[]',0),(49,'[]',0),(50,'[]',0),(51,'[]',0),(52,'[]',0),(53,'[]',0),(54,'[]',0),(55,'[]',0),(56,'[]',0),(57,'[]',0),(58,'[]',0),(59,'[]',0),(60,'[]',0),(61,'[]',0),(62,'[]',0),(63,'[]',0),(64,'[]',0),(65,'[]',0),(66,'[]',0),(67,'[]',0),(68,'[]',0),(69,'[]',0),(70,'[]',0),(71,'[]',0),(72,'[]',0),(73,'[]',0),(74,'[]',0),(75,'[]',0),(76,'[]',0),(77,'[]',0),(78,'[]',0),(79,'[]',0),(80,'[]',0),(81,'[]',0),(82,'[]',0),(83,'[]',0),(84,'[]',0),(85,'[]',0),(86,'[]',0),(87,'[]',0),(88,'[]',0),(89,'[]',0),(90,'[]',0),(91,'[]',0),(92,'[]',0),(93,'[]',0),(94,'[]',0),(95,'[]',0),(96,'[]',0),(97,'[]',0),(98,'[]',0),(99,'[]',0),(100,'[]',0),(101,'[]',0),(102,'[]',0),(103,'[]',0),(104,'[]',0),(105,'[]',0),(106,'[]',0),(107,'[]',0),(108,'[]',0),(109,'[]',0),(110,'[]',0),(111,'[]',0),(112,'[]',0),(113,'[]',0),(114,'[]',0),(115,'[]',0),(116,'[]',0),(117,'[]',0),(118,'[]',0),(119,'[]',0),(120,'[]',0),(121,'[]',0),(122,'[]',0),(123,'[]',0),(124,'[]',0),(125,'[]',0),(126,'[]',0),(127,'[]',0),(128,'[]',0),(129,'[]',0),(130,'[]',0),(131,'[]',0),(132,'[]',0),(133,'[]',0),(134,'[]',0),(135,'[]',0),(136,'[]',0),(137,'[]',0),(138,'[]',0),(139,'[]',0),(140,'[]',0),(141,'[]',0),(142,'[]',0),(143,'[]',0),(144,'[]',0),(145,'[]',0),(146,'[]',0),(147,'[]',0),(148,'[]',0),(149,'[]',0),(150,'[]',0),(151,'[]',0),(152,'[]',0),(153,'[]',0),(154,'[]',0),(155,'[]',0),(156,'[]',0),(157,'[]',0),(158,'[]',0),(159,'[]',0),(160,'[]',0),(161,'[]',0),(162,'[]',0),(163,'[]',0),(164,'[]',0),(165,'[]',0),(166,'[]',0),(167,'[]',0),(168,'[]',0),(169,'[]',0),(170,'[]',0),(171,'[]',0),(172,'[]',0),(173,'[]',0),(174,'[]',0),(175,'[]',0),(176,'[]',0),(177,'[]',0),(178,'[]',0),(179,'[]',0),(180,'[]',0),(181,'[]',0),(182,'[]',0),(183,'[]',0),(184,'[]',0),(185,'[]',0),(186,'[]',0),(187,'[]',0),(188,'[]',0),(189,'[]',0),(190,'[]',0),(191,'[]',0),(192,'[]',0),(193,'[]',0),(194,'[]',0),(195,'[]',0),(196,'[]',0),(197,'[]',0),(198,'[]',0),(199,'[]',0),(200,'[]',0),(201,'[]',0),(202,'[]',0),(203,'[]',0),(204,'[]',0),(205,'[]',0),(206,'[]',0),(207,'[]',0),(208,'[]',0),(209,'[]',0),(210,'[]',0),(211,'[]',0),(212,'[]',0),(213,'[]',0),(214,'[]',0),(215,'[]',0),(216,'[]',0),(217,'[]',0),(218,'[]',0),(219,'[]',0),(220,'[]',0),(221,'[]',0),(222,'[]',0),(223,'[]',0),(224,'[]',0),(225,'[]',0),(226,'[]',0),(227,'[]',0),(228,'[]',0),(229,'[]',0),(230,'[]',0),(231,'[]',0),(232,'[]',0),(233,'[]',0),(234,'[]',0),(235,'[]',0),(236,'[]',0),(237,'[]',0),(238,'[]',0),(239,'[]',0),(240,'[]',0),(241,'[]',0),(242,'[]',0),(243,'[]',0),(244,'[]',0),(245,'[]',0),(246,'[]',0),(247,'[]',0),(248,'[]',0),(249,'[]',0),(250,'[]',0),(251,'[]',0),(252,'[]',0),(253,'[]',0),(254,'[]',0),(255,'[]',0),(256,'[]',0),(257,'[]',0),(258,'[]',0),(259,'[]',0),(260,'[]',0),(261,'[]',0),(262,'[]',0),(263,'[]',0),(264,'[]',0),(265,'[]',0),(266,'[]',0),(267,'[]',0),(268,'[]',0),(269,'[]',0),(270,'[]',0),(271,'[]',0),(272,'[]',0),(273,'[]',0),(274,'[]',0),(275,'[]',0),(276,'[]',0),(277,'[]',0),(278,'[]',0),(279,'[]',0),(280,'[]',0),(281,'[]',0),(282,'[]',0),(283,'[]',0),(284,'[]',0),(285,'[]',0),(286,'[]',0),(287,'[]',0),(288,'[]',0),(289,'[]',0),(290,'[]',0),(291,'[]',0),(292,'[]',0),(293,'[]',0),(294,'[]',0),(295,'[]',0),(296,'[]',0),(297,'[]',0),(298,'[]',0),(299,'[]',0),(300,'[]',0),(301,'[]',0),(302,'[]',0),(303,'[]',0),(304,'[]',0),(305,'[]',0),(306,'[]',0),(307,'[]',0),(308,'[]',0),(309,'[]',0),(310,'[]',0),(311,'[]',0),(312,'[]',0),(313,'[]',0),(314,'[]',0),(315,'[]',0),(316,'[]',0),(317,'[]',0),(318,'[]',0),(319,'[]',0),(320,'[]',0),(321,'[]',0),(322,'[]',0),(323,'[]',0),(324,'[]',0),(325,'[]',0),(326,'[]',0),(327,'[]',0),(328,'[]',0),(329,'[]',0),(330,'[]',0),(331,'[]',0),(332,'[]',0),(333,'[]',0),(334,'[]',0),(335,'[]',0),(336,'[]',0),(337,'[]',0),(338,'[]',0),(339,'[]',0),(340,'[]',0),(341,'[]',0),(342,'[]',0),(343,'[]',0),(344,'[]',0),(345,'[]',0),(346,'[]',0),(347,'[]',0),(348,'[]',0),(349,'[]',0),(350,'[]',0),(351,'[]',0),(352,'[]',0),(353,'[]',0),(354,'[]',0),(355,'[]',0),(356,'[]',0),(357,'[]',0),(358,'[]',0),(359,'[]',0),(360,'[]',0),(361,'[]',0),(362,'[]',0),(363,'[]',0),(364,'[]',0),(365,'[]',0),(366,'[]',0),(367,'[]',0),(368,'[]',0),(369,'[]',0),(370,'[]',0),(371,'[]',0),(372,'[]',0),(373,'[]',0),(374,'[]',0),(375,'[]',0),(376,'[]',0),(377,'[]',0),(378,'[]',0),(379,'[]',0),(380,'[]',0),(381,'[]',0),(382,'[]',0),(383,'[]',0),(384,'[]',0),(385,'[]',0),(386,'[]',0),(387,'[]',0),(388,'[]',0),(389,'[]',0),(390,'[]',0),(391,'[]',0),(392,'[]',0),(393,'[]',0),(394,'[]',0),(395,'[]',0),(396,'[]',0),(397,'[]',0),(398,'[]',0),(399,'[]',0),(400,'[]',0),(401,'[]',0),(402,'[]',0),(403,'[]',0),(404,'[]',0),(405,'[]',0),(406,'[]',0),(407,'[]',0),(408,'[]',0),(409,'[]',0),(410,'[]',0),(411,'[]',0),(412,'[]',0),(413,'[]',0),(414,'[]',0),(415,'[]',0),(416,'[]',0),(417,'[]',0),(418,'[]',0),(419,'[]',0),(420,'[]',0),(421,'[]',0),(422,'[]',0),(423,'[]',0),(424,'[]',0),(425,'[]',0),(426,'[]',0),(427,'[]',0),(428,'[]',0),(429,'[]',0),(430,'[]',0),(431,'[]',0),(432,'[]',0),(433,'[]',0),(434,'[]',0),(435,'[]',0),(436,'[]',0),(437,'[]',0),(438,'[]',0),(439,'[]',0),(440,'[]',0),(441,'[]',0),(442,'[]',0),(443,'[]',0),(444,'[]',0),(445,'[]',0),(446,'[]',0),(447,'[]',0),(448,'[]',0),(449,'[]',0),(450,'[]',0),(451,'[]',0),(452,'[]',0),(453,'[]',0),(454,'[]',0),(455,'[]',0),(456,'[]',0),(457,'[]',0),(458,'[]',0),(459,'[]',0),(460,'[]',0),(461,'[]',0),(462,'[]',0),(463,'[]',0),(464,'[]',0),(465,'[]',0),(466,'[]',0),(467,'[]',0),(468,'[]',0),(469,'[]',0),(470,'[]',0),(471,'[]',0),(472,'[]',0),(473,'[]',0),(474,'[]',0),(475,'[]',0),(476,'[]',0),(477,'[]',0),(478,'[]',0),(479,'[]',0),(480,'[]',0),(481,'[]',0),(482,'[]',0),(483,'[]',0),(484,'[]',0),(485,'[]',0),(486,'[]',0),(487,'[]',0),(488,'[]',0),(489,'[]',0),(490,'[]',0),(491,'[]',0),(492,'[]',0),(493,'[]',0),(494,'[]',0),(495,'[]',0),(496,'[]',0),(497,'[]',0),(498,'[]',0),(499,'[]',0),(500,'[]',0),(501,'[]',0),(502,'[]',0),(503,'[]',0),(504,'[]',0),(505,'[]',0),(506,'[]',0),(507,'[]',0),(508,'[]',0),(509,'[]',0),(510,'{\"produkty\": 145}',3375.98),(511,'{\"produkty\": [1, 3, 74]}',39545.1),(512,'{\"produkty\": 14}',21312.9),(513,'[]',0);
/*!40000 ALTER TABLE `koszyk` ENABLE KEYS */;
UNLOCK TABLES;

--
-- Table structure for table `koszyk_produkt`
--

DROP TABLE IF EXISTS `koszyk_produkt`;
/*!40101 SET @saved_cs_client     = @@character_set_client */;
/*!50503 SET character_set_client = utf8mb4 */;
CREATE TABLE `koszyk_produkt` (
  `koszyk_ID` int NOT NULL,
  `produkt_ID` int NOT NULL,
  `liczba_sztuk` int NOT NULL,
  PRIMARY KEY (`koszyk_ID`,`produkt_ID`),
  KEY `FKKoszyk_Pro768534` (`produkt_ID`),
  CONSTRAINT `FKKoszyk_Pro338204` FOREIGN KEY (`koszyk_ID`) REFERENCES `koszyk` (`koszyk_ID`),
  CONSTRAINT `FKKoszyk_Pro768534` FOREIGN KEY (`produkt_ID`) REFERENCES `produkt` (`produkt_ID`)
) ENGINE=InnoDB DEFAULT CHARSET=utf8mb4 COLLATE=utf8mb4_0900_ai_ci;
/*!40101 SET character_set_client = @saved_cs_client */;

--
-- Dumping data for table `koszyk_produkt`
--

LOCK TABLES `koszyk_produkt` WRITE;
/*!40000 ALTER TABLE `koszyk_produkt` DISABLE KEYS */;
INSERT INTO `koszyk_produkt` VALUES (510,145,1),(511,1,20),(511,3,10),(511,74,1),(512,14,16);
/*!40000 ALTER TABLE `koszyk_produkt` ENABLE KEYS */;
UNLOCK TABLES;

--
-- Table structure for table `magazyn`
--

DROP TABLE IF EXISTS `magazyn`;
/*!40101 SET @saved_cs_client     = @@character_set_client */;
/*!50503 SET character_set_client = utf8mb4 */;
CREATE TABLE `magazyn` (
  `magazyn_ID` int NOT NULL AUTO_INCREMENT,
  `lista_produktow_dostepnych` json DEFAULT NULL,
  `przestrzen_magazynowa` int NOT NULL,
  `maksymalna_przestrzen_magazynowa` int NOT NULL,
  PRIMARY KEY (`magazyn_ID`)
) ENGINE=InnoDB AUTO_INCREMENT=6 DEFAULT CHARSET=utf8mb4 COLLATE=utf8mb4_0900_ai_ci;
/*!40101 SET character_set_client = @saved_cs_client */;

--
-- Dumping data for table `magazyn`
--

LOCK TABLES `magazyn` WRITE;
/*!40000 ALTER TABLE `magazyn` DISABLE KEYS */;
INSERT INTO `magazyn` VALUES (1,'[1, 12, 16, 19, 20, 22, 26, 27, 29, 32, 34, 45, 46, 47, 54, 57, 58, 63, 69, 74, 75, 79, 83, 84, 86, 89, 91, 92, 99, 104, 106, 108, 112, 121, 131, 132, 136, 140, 142, 148, 151, 157, 158, 162, 163, 171, 174, 178, 180, 181, 184, 189, 191, 193, 196, 200, 202, 206, 214, 226, 228, 229, 231, 234, 241, 242, 245, 250, 251, 262, 267, 271, 272, 275, 276, 281, 284, 285, 287, 290, 295, 299, 303, 304, 305, 308, 316, 319, 321, 325, 326, 332, 338, 339, 343, 346, 352, 355, 357, 362, 363, 365, 371, 372, 374, 376, 378, 382, 387, 391, 392, 393, 394, 395, 399, 405, 414, 423, 431, 440, 443, 446, 448, 451, 455, 456, 458, 460, 464, 466, 473, 478, 479, 481, 484, 496, 502, 507, 508, 510, 512, 519, 525, 527, 530, 531, 538, 541, 548, 552, 554, 565, 567, 584, 586, 593, 597, 599, 603, 604, 606, 612, 617, 622, 629, 639, 643, 646, 647, 655, 661, 665, 666, 668, 669, 677, 684, 690, 691, 692, 694, 704, 705, 708, 709, 710, 715, 717, 719, 720, 721, 722, 726, 727, 729, 738, 739, 740, 745, 749, 751, 753, 756, 757, 760, 762, 770, 775, 778, 779, 780, 785, 786, 789, 790, 795]',2782,5000),(2,'[2, 4, 5, 10, 15, 18, 19, 21, 25, 27, 28, 29, 30, 35, 37, 39, 40, 44, 45, 50, 54, 57, 60, 61, 63, 69, 74, 75, 77, 82, 85, 86, 91, 93, 95, 97, 100, 101, 102, 107, 109, 113, 119, 120, 124, 128, 129, 131, 132, 139, 141, 142, 149, 150, 152, 153, 155, 161, 164, 167, 171, 176, 182, 183, 186, 187, 188, 189, 191, 193, 200, 201, 202, 206, 210, 221, 222, 223, 226, 230, 232, 234, 235, 237, 240, 245, 250, 251, 255, 256, 263, 273, 274, 275, 277, 278, 280, 284, 285, 289, 296, 300, 303, 304, 305, 309, 312, 313, 314, 315, 316, 318, 320, 325, 329, 332, 333, 334, 335, 337, 338, 342, 346, 349, 351, 354, 356, 359, 363, 365, 368, 373, 374, 375, 382, 385, 386, 388, 392, 393, 396, 398, 404, 408, 413, 416, 424, 425, 435, 438, 441, 444, 450, 459, 461, 462, 463, 471, 474, 479, 480, 489, 490, 491, 494, 500, 507, 510, 511, 517, 518, 520, 521, 536, 537, 540, 542, 552, 557, 559, 566, 568, 574, 577, 581, 584, 594, 597, 605, 613, 615, 621, 631, 636, 643, 648, 653, 654, 656, 658, 662, 664, 665, 666, 667, 669, 686, 690, 694, 695, 697, 704, 708, 709, 712, 714, 716, 719, 723, 727, 730, 734, 735, 740, 741, 743, 747, 748, 753, 755, 756, 760, 762, 764, 766, 767, 768, 772, 779, 782, 783, 784, 785, 788, 790, 793, 795, 797, 799, 800]',2344,5000),(3,'[1, 2, 4, 5, 8, 9, 10, 12, 13, 15, 18, 25, 26, 29, 30, 33, 34, 38, 40, 41, 42, 46, 48, 50, 52, 53, 54, 57, 59, 61, 62, 65, 66, 68, 69, 72, 74, 75, 78, 79, 80, 84, 85, 86, 87, 88, 89, 91, 93, 96, 97, 100, 101, 103, 105, 106, 109, 111, 117, 119, 120, 121, 122, 124, 127, 130, 131, 134, 135, 139, 141, 144, 146, 148, 150, 153, 154, 156, 158, 159, 166, 168, 170, 174, 175, 176, 177, 178, 181, 184, 185, 186, 187, 197, 198, 199, 202, 205, 210, 211, 212, 213, 214, 215, 219, 222, 225, 226, 229, 232, 234, 242, 248, 249, 251, 255, 256, 259, 262, 266, 272, 273, 274, 275, 276, 281, 282, 285, 287, 288, 295, 297, 298, 299, 301, 304, 306, 308, 309, 312, 314, 315, 316, 317, 320, 324, 325, 327, 330, 332, 336, 338, 340, 341, 342, 343, 344, 348, 351, 356, 357, 359, 361, 363, 365, 366, 367, 371, 376, 377, 378, 380, 383, 384, 385, 386, 396, 397, 398, 407, 413, 414, 417, 420, 421, 423, 424, 426, 428, 430, 436, 438, 439, 440, 445, 446, 448, 450, 453, 455, 456, 457, 459, 462, 467, 468, 470, 471, 478, 480, 481, 485, 486, 487, 493, 495, 499, 500, 502, 507, 511, 512, 515, 517, 524, 525, 533, 535, 540, 541, 547, 548, 549, 553, 555, 560, 561, 563, 565, 572, 573, 575, 577, 586, 588, 589, 591, 593, 594, 598, 599, 602, 604, 608, 611, 612, 616, 617, 620, 621, 622, 623, 627, 630, 631, 634, 635, 636, 638, 639, 640, 643, 644, 647, 649, 652, 655, 659, 670, 675, 676, 681, 682, 683, 687, 689, 691, 692, 693, 696, 697, 701, 703, 706, 707, 716, 719, 722, 723, 728, 733, 734, 737, 738, 742, 744, 745, 748, 752, 754, 756, 757, 758, 759, 761, 763, 769, 775, 776, 778, 780, 782, 785, 790, 791, 792, 796, 797]',24,5000),(4,'[18, 19, 22, 24, 28, 32, 36, 40, 45, 46, 47, 48, 54, 59, 60, 66, 69, 75, 77, 79, 80, 81, 82, 87, 90, 93, 94, 95, 98, 100, 102, 109, 113, 117, 126, 129, 130, 133, 136, 141, 144, 145, 147, 148, 151, 156, 157, 158, 159, 164, 171, 174, 182, 183, 186, 195, 196, 201, 205, 209, 210, 220, 223, 227, 228, 230, 231, 232, 234, 246, 247, 249, 251, 252, 254, 255, 256, 257, 263, 266, 269, 271, 273, 276, 283, 285, 286, 298, 300, 304, 305, 307, 309, 317, 319, 320, 322, 327, 329, 332, 334, 337, 341, 344, 345, 347, 348, 349, 354, 355, 356, 363, 375, 376, 381, 387, 390, 394, 398, 399, 402, 407, 408, 412, 415, 416, 418, 419, 421, 422, 426, 427, 432, 434, 436, 438, 441, 442, 446, 449, 451, 452, 454, 469, 470, 472, 476, 478, 480, 481, 483, 484, 485, 486, 487, 488, 489, 490, 492, 494, 495, 496, 497, 501, 502, 503, 506, 508, 510, 513, 516, 517, 520, 521, 522, 523, 524, 526, 527, 529, 533, 534, 535, 537, 539, 540, 541, 544, 545, 547, 548, 550, 551, 555, 557, 558, 559, 561, 562, 564, 565, 567, 569, 570, 572, 577, 579, 581, 582, 583, 589, 591, 594, 595, 598, 602, 605, 606, 607, 608, 609, 610, 611, 612, 613, 614, 615, 616, 619, 621, 622, 624, 625, 626, 628, 630, 631, 632, 633, 634, 635, 639, 640, 641, 643, 644, 646, 648, 650, 651, 654, 655, 658, 659, 660, 662, 665, 666, 669, 670, 674, 675, 676, 677, 679, 680, 681, 684, 685, 686, 687, 689, 690, 691, 696, 697, 698, 700, 702, 703, 707, 710, 713, 714, 715, 717, 718, 720, 721, 725, 726, 727, 728, 729, 732, 733, 738, 739, 742, 744, 749, 750, 752, 754, 756, 760, 762, 764, 765, 766, 767, 769, 770, 771, 773, 774, 775, 776, 777, 779, 783, 784, 785, 786, 788, 789, 794, 795, 796, 797, 799, 800]',17,5000),(5,'[1, 6, 8, 10, 13, 15, 17, 20, 24, 26, 27, 38, 40, 49, 50, 53, 56, 60, 70, 74, 75, 78, 79, 81, 84, 87, 88, 100, 105, 110, 128, 132, 135, 138, 143, 144, 145, 147, 148, 150, 158, 161, 172, 173, 175, 176, 177, 179, 184, 186, 190, 195, 197, 198, 199, 202, 204, 206, 207, 211, 215, 230, 241, 246, 247, 248, 250, 252, 254, 255, 256, 261, 265, 268, 275, 277, 278, 280, 285, 286, 293, 297, 298, 302, 304, 308, 314, 317, 318, 324, 325, 326, 334, 337, 340, 341, 345, 348, 355, 356, 359, 361, 363, 366, 368, 373, 375, 377, 379, 383, 384, 388, 389, 397, 398, 399, 403, 405, 407, 408, 412, 414, 420, 424, 426, 428, 435, 436, 437, 439, 441, 444, 445, 453, 454, 455, 456, 458, 459, 463, 464, 466, 471, 476, 478, 482, 484, 486, 487, 489, 491, 492, 498, 499, 500, 507, 513, 515, 519, 520, 521, 523, 527, 533, 536, 542, 543, 547, 548, 550, 554, 559, 560, 564, 567, 568, 570, 572, 573, 576, 577, 578, 579, 584, 585, 589, 591, 592, 596, 602, 605, 608, 611, 617, 628, 632, 636, 637, 639, 644, 649, 654, 659, 660, 661, 663, 671, 672, 677, 678, 682, 683, 688, 689, 690, 693, 695, 700, 708, 715, 719, 723, 725, 726, 727, 730, 731, 732, 735, 738, 741, 743, 744, 746, 750, 751, 753, 759, 760, 763, 773, 774, 776, 777, 778, 779, 787, 794, 795, 796, 797, 798]',1205,5000);
/*!40000 ALTER TABLE `magazyn` ENABLE KEYS */;
UNLOCK TABLES;

--
-- Table structure for table `magazyn_produkt`
--

DROP TABLE IF EXISTS `magazyn_produkt`;
/*!40101 SET @saved_cs_client     = @@character_set_client */;
/*!50503 SET character_set_client = utf8mb4 */;
CREATE TABLE `magazyn_produkt` (
  `magazyn_ID` int NOT NULL,
  `produkt_ID` int NOT NULL,
  `liczba_produktow` int NOT NULL,
  PRIMARY KEY (`magazyn_ID`,`produkt_ID`),
  KEY `FKMagazyn_Pr209943` (`produkt_ID`),
  KEY `FKMagazyn_Pr607489` (`magazyn_ID`),
  CONSTRAINT `FKMagazyn_Pr209943` FOREIGN KEY (`produkt_ID`) REFERENCES `produkt` (`produkt_ID`),
  CONSTRAINT `FKMagazyn_Pr607489` FOREIGN KEY (`magazyn_ID`) REFERENCES `magazyn` (`magazyn_ID`)
) ENGINE=InnoDB DEFAULT CHARSET=utf8mb4 COLLATE=utf8mb4_0900_ai_ci;
/*!40101 SET character_set_client = @saved_cs_client */;

--
-- Dumping data for table `magazyn_produkt`
--

LOCK TABLES `magazyn_produkt` WRITE;
/*!40000 ALTER TABLE `magazyn_produkt` DISABLE KEYS */;
INSERT INTO `magazyn_produkt` VALUES (1,1,4),(1,12,3),(1,16,7),(1,19,20),(1,20,14),(1,22,3),(1,26,15),(1,27,17),(1,29,8),(1,32,11),(1,34,5),(1,45,5),(1,46,8),(1,47,8),(1,54,9),(1,57,11),(1,58,7),(1,63,5),(1,69,4),(1,74,3),(1,75,3),(1,79,18),(1,83,12),(1,84,8),(1,86,19),(1,89,20),(1,91,9),(1,92,11),(1,99,12),(1,104,8),(1,106,1),(1,108,8),(1,112,5),(1,121,12),(1,131,10),(1,132,20),(1,136,1),(1,140,14),(1,142,19),(1,148,16),(1,151,1),(1,157,9),(1,158,18),(1,162,8),(1,163,8),(1,171,9),(1,174,11),(1,178,9),(1,180,15),(1,181,15),(1,184,20),(1,189,13),(1,191,14),(1,193,8),(1,196,11),(1,200,6),(1,202,13),(1,206,9),(1,214,16),(1,226,17),(1,228,13),(1,229,19),(1,231,9),(1,234,16),(1,241,12),(1,242,4),(1,245,20),(1,250,1),(1,251,7),(1,262,14),(1,267,20),(1,271,2),(1,272,7),(1,275,11),(1,276,5),(1,281,2),(1,284,13),(1,285,11),(1,287,6),(1,290,18),(1,295,10),(1,299,4),(1,303,15),(1,304,1),(1,305,4),(1,308,14),(1,316,12),(1,319,13),(1,321,11),(1,325,4),(1,326,1),(1,332,18),(1,338,14),(1,339,8),(1,343,19),(1,346,6),(1,352,14),(1,355,5),(1,357,10),(1,362,4),(1,363,8),(1,365,15),(1,371,15),(1,372,17),(1,374,16),(1,376,8),(1,378,19),(1,382,6),(1,387,17),(1,391,4),(1,392,8),(1,393,15),(1,394,7),(1,395,8),(1,399,2),(1,405,2),(1,414,1),(1,423,19),(1,431,11),(1,440,19),(1,443,20),(1,446,1),(1,448,3),(1,451,3),(1,455,20),(1,456,11),(1,458,5),(1,460,20),(1,464,8),(1,466,3),(1,473,5),(1,478,12),(1,479,13),(1,481,2),(1,484,12),(1,496,14),(1,502,3),(1,507,18),(1,508,7),(1,510,3),(1,512,16),(1,519,5),(1,525,15),(1,527,13),(1,530,15),(1,531,1),(1,538,7),(1,541,19),(1,548,8),(1,552,1),(1,554,7),(1,565,2),(1,567,17),(1,584,1),(1,586,18),(1,593,7),(1,597,17),(1,599,3),(1,603,17),(1,604,12),(1,606,15),(1,612,17),(1,617,16),(1,622,19),(1,629,7),(1,639,9),(1,643,6),(1,646,14),(1,647,14),(1,655,19),(1,661,17),(1,665,1),(1,666,10),(1,668,1),(1,669,11),(1,677,5),(1,684,7),(1,690,7),(1,691,2),(1,692,1),(1,694,13),(1,704,3),(1,705,2),(1,708,3),(1,709,4),(1,710,14),(1,715,4),(1,717,19),(1,719,16),(1,720,10),(1,721,13),(1,722,15),(1,726,12),(1,727,15),(1,729,8),(1,738,7),(1,739,12),(1,740,16),(1,745,9),(1,749,9),(1,751,3),(1,753,10),(1,756,14),(1,757,19),(1,760,6),(1,762,11),(1,770,19),(1,775,17),(1,778,6),(1,779,17),(1,780,16),(1,785,18),(1,786,11),(1,789,8),(1,790,6),(1,795,14),(2,2,4),(2,4,3),(2,5,11),(2,10,12),(2,15,17),(2,18,13),(2,19,11),(2,21,16),(2,25,12),(2,27,15),(2,28,18),(2,29,15),(2,30,20),(2,35,13),(2,37,4),(2,39,17),(2,40,16),(2,44,18),(2,45,9),(2,50,16),(2,54,15),(2,57,13),(2,60,8),(2,61,3),(2,63,4),(2,69,2),(2,74,1),(2,75,14),(2,77,19),(2,82,3),(2,85,7),(2,86,4),(2,91,20),(2,93,13),(2,95,13),(2,97,2),(2,100,6),(2,101,10),(2,102,9),(2,107,5),(2,109,13),(2,113,18),(2,119,12),(2,120,3),(2,124,18),(2,128,16),(2,129,15),(2,131,4),(2,132,16),(2,139,19),(2,141,3),(2,142,6),(2,149,8),(2,150,12),(2,152,16),(2,153,16),(2,155,14),(2,161,7),(2,164,19),(2,167,13),(2,171,6),(2,176,8),(2,182,20),(2,183,20),(2,186,11),(2,187,3),(2,188,6),(2,189,15),(2,191,16),(2,193,13),(2,200,7),(2,201,14),(2,202,17),(2,206,15),(2,210,5),(2,221,3),(2,222,8),(2,223,18),(2,226,16),(2,230,6),(2,232,13),(2,234,12),(2,235,16),(2,237,2),(2,240,20),(2,245,14),(2,250,17),(2,251,3),(2,255,9),(2,256,5),(2,263,4),(2,273,16),(2,274,8),(2,275,18),(2,277,4),(2,278,7),(2,280,1),(2,284,11),(2,285,4),(2,289,20),(2,296,12),(2,300,5),(2,303,12),(2,304,4),(2,305,2),(2,309,14),(2,312,6),(2,313,18),(2,314,10),(2,315,7),(2,316,10),(2,318,14),(2,320,16),(2,325,16),(2,329,8),(2,332,9),(2,333,14),(2,334,15),(2,335,10),(2,337,11),(2,338,12),(2,342,17),(2,346,8),(2,349,4),(2,351,19),(2,354,7),(2,356,15),(2,359,1),(2,363,16),(2,365,10),(2,368,9),(2,373,7),(2,374,10),(2,375,12),(2,382,14),(2,385,2),(2,386,10),(2,388,4),(2,392,16),(2,393,2),(2,396,10),(2,398,3),(2,404,2),(2,408,11),(2,413,6),(2,416,6),(2,424,18),(2,425,7),(2,435,6),(2,438,11),(2,441,17),(2,444,2),(2,450,20),(2,459,20),(2,461,8),(2,462,16),(2,463,2),(2,471,14),(2,474,1),(2,479,15),(2,480,19),(2,489,14),(2,490,7),(2,491,18),(2,494,12),(2,500,11),(2,507,20),(2,510,20),(2,511,17),(2,517,5),(2,518,4),(2,520,14),(2,521,1),(2,536,1),(2,537,20),(2,540,15),(2,542,17),(2,552,2),(2,557,20),(2,559,11),(2,566,12),(2,568,20),(2,574,12),(2,577,10),(2,581,3),(2,584,13),(2,594,3),(2,597,4),(2,605,9),(2,613,8),(2,615,1),(2,621,1),(2,631,11),(2,636,2),(2,643,12),(2,648,6),(2,653,15),(2,654,16),(2,656,11),(2,658,16),(2,662,1),(2,664,14),(2,665,14),(2,666,2),(2,667,12),(2,669,18),(2,686,2),(2,690,17),(2,694,8),(2,695,7),(2,697,1),(2,704,11),(2,708,4),(2,709,20),(2,712,5),(2,714,10),(2,716,5),(2,719,20),(2,723,16),(2,727,17),(2,730,4),(2,734,7),(2,735,1),(2,740,8),(2,741,9),(2,743,2),(2,747,6),(2,748,1),(2,753,18),(2,755,9),(2,756,13),(2,760,8),(2,762,15),(2,764,15),(2,766,13),(2,767,5),(2,768,16),(2,772,19),(2,779,17),(2,782,10),(2,783,13),(2,784,4),(2,785,14),(2,788,10),(2,790,20),(2,793,17),(2,795,2),(2,797,17),(2,799,3),(2,800,10),(3,1,23),(3,2,28),(3,4,13),(3,5,24),(3,8,12),(3,9,10),(3,10,17),(3,12,28),(3,13,21),(3,15,23),(3,18,30),(3,25,5),(3,26,10),(3,29,17),(3,30,13),(3,33,6),(3,34,13),(3,38,20),(3,40,26),(3,41,12),(3,42,26),(3,46,1),(3,48,22),(3,50,15),(3,52,29),(3,53,8),(3,54,23),(3,57,13),(3,59,30),(3,61,14),(3,62,27),(3,65,27),(3,66,20),(3,68,20),(3,69,10),(3,72,1),(3,74,11),(3,75,30),(3,78,17),(3,79,26),(3,80,11),(3,84,25),(3,85,18),(3,86,6),(3,87,14),(3,88,8),(3,89,30),(3,91,25),(3,93,6),(3,96,1),(3,97,13),(3,100,17),(3,101,23),(3,103,18),(3,105,1),(3,106,21),(3,109,10),(3,111,12),(3,117,24),(3,119,9),(3,120,2),(3,121,4),(3,122,8),(3,124,11),(3,127,23),(3,130,3),(3,131,4),(3,134,28),(3,135,2),(3,139,20),(3,141,5),(3,144,27),(3,146,4),(3,148,8),(3,150,8),(3,153,2),(3,154,27),(3,156,24),(3,158,5),(3,159,2),(3,166,18),(3,168,26),(3,170,13),(3,174,2),(3,175,27),(3,176,11),(3,177,18),(3,178,22),(3,181,20),(3,184,7),(3,185,11),(3,186,22),(3,187,9),(3,197,14),(3,198,13),(3,199,15),(3,202,22),(3,205,17),(3,210,12),(3,211,14),(3,212,7),(3,213,15),(3,214,27),(3,215,3),(3,219,8),(3,222,3),(3,225,12),(3,226,21),(3,229,6),(3,232,20),(3,234,15),(3,242,11),(3,248,3),(3,249,8),(3,251,22),(3,255,10),(3,256,11),(3,259,29),(3,262,11),(3,266,1),(3,272,27),(3,273,20),(3,274,18),(3,275,16),(3,276,3),(3,281,8),(3,282,7),(3,285,24),(3,287,18),(3,288,26),(3,295,25),(3,297,1),(3,298,15),(3,299,24),(3,301,20),(3,304,12),(3,306,2),(3,308,30),(3,309,20),(3,312,3),(3,314,5),(3,315,11),(3,316,19),(3,317,27),(3,320,7),(3,324,2),(3,325,23),(3,327,2),(3,330,7),(3,332,6),(3,336,21),(3,338,5),(3,340,10),(3,341,16),(3,342,8),(3,343,8),(3,344,27),(3,348,21),(3,351,7),(3,356,16),(3,357,3),(3,359,19),(3,361,19),(3,363,18),(3,365,23),(3,366,4),(3,367,16),(3,371,2),(3,376,8),(3,377,27),(3,378,4),(3,380,29),(3,383,6),(3,384,17),(3,385,16),(3,386,13),(3,396,8),(3,397,22),(3,398,19),(3,407,21),(3,413,4),(3,414,20),(3,417,3),(3,420,6),(3,421,15),(3,423,27),(3,424,18),(3,426,18),(3,428,22),(3,430,15),(3,436,9),(3,438,29),(3,439,14),(3,440,18),(3,445,19),(3,446,28),(3,448,12),(3,450,27),(3,453,23),(3,455,18),(3,456,11),(3,457,14),(3,459,3),(3,462,28),(3,467,27),(3,468,15),(3,470,13),(3,471,1),(3,478,24),(3,480,2),(3,481,5),(3,485,25),(3,486,14),(3,487,26),(3,493,23),(3,495,4),(3,499,17),(3,500,6),(3,502,22),(3,507,28),(3,511,29),(3,512,6),(3,515,5),(3,517,13),(3,524,9),(3,525,30),(3,533,16),(3,535,26),(3,540,9),(3,541,10),(3,547,13),(3,548,5),(3,549,24),(3,553,19),(3,555,20),(3,560,19),(3,561,24),(3,563,26),(3,565,13),(3,572,13),(3,573,15),(3,575,23),(3,577,19),(3,586,16),(3,588,2),(3,589,9),(3,591,13),(3,593,10),(3,594,9),(3,598,21),(3,599,8),(3,602,15),(3,604,14),(3,608,25),(3,611,24),(3,612,6),(3,616,7),(3,617,24),(3,620,6),(3,621,8),(3,622,17),(3,623,2),(3,627,29),(3,630,12),(3,631,12),(3,634,26),(3,635,22),(3,636,16),(3,638,25),(3,639,10),(3,640,17),(3,643,3),(3,644,4),(3,647,26),(3,649,9),(3,652,11),(3,655,29),(3,659,16),(3,670,30),(3,675,1),(3,676,30),(3,681,29),(3,682,17),(3,683,1),(3,687,13),(3,689,20),(3,691,22),(3,692,1),(3,693,8),(3,696,2),(3,697,8),(3,701,19),(3,703,29),(3,706,19),(3,707,10),(3,716,27),(3,719,19),(3,722,17),(3,723,4),(3,728,14),(3,733,26),(3,734,15),(3,737,10),(3,738,27),(3,742,13),(3,744,3),(3,745,24),(3,748,23),(3,752,4),(3,754,19),(3,756,19),(3,757,6),(3,758,16),(3,759,13),(3,761,14),(3,763,25),(3,769,4),(3,775,24),(3,776,20),(3,778,8),(3,780,16),(3,782,24),(3,785,12),(3,790,26),(3,791,2),(3,792,23),(3,796,26),(3,797,5),(4,18,12),(4,19,26),(4,22,22),(4,24,10),(4,28,16),(4,32,20),(4,36,3),(4,40,9),(4,45,13),(4,46,14),(4,47,29),(4,48,9),(4,54,30),(4,59,8),(4,60,8),(4,66,11),(4,69,2),(4,75,5),(4,77,30),(4,79,17),(4,80,8),(4,81,7),(4,82,24),(4,87,25),(4,90,2),(4,93,23),(4,94,21),(4,95,6),(4,98,30),(4,100,25),(4,102,1),(4,109,12),(4,113,14),(4,117,21),(4,126,8),(4,129,29),(4,130,11),(4,133,29),(4,136,28),(4,141,16),(4,144,1),(4,145,13),(4,147,1),(4,148,9),(4,151,21),(4,156,10),(4,157,15),(4,158,20),(4,159,6),(4,164,9),(4,171,22),(4,174,24),(4,182,7),(4,183,7),(4,186,5),(4,195,9),(4,196,2),(4,201,2),(4,205,12),(4,209,4),(4,210,13),(4,220,2),(4,223,20),(4,227,4),(4,228,25),(4,230,21),(4,231,10),(4,232,28),(4,234,23),(4,246,24),(4,247,8),(4,249,22),(4,251,12),(4,252,22),(4,254,27),(4,255,29),(4,256,24),(4,257,14),(4,263,5),(4,266,20),(4,269,11),(4,271,3),(4,273,16),(4,276,5),(4,283,20),(4,285,29),(4,286,7),(4,298,10),(4,300,16),(4,304,13),(4,305,26),(4,307,4),(4,309,6),(4,317,3),(4,319,14),(4,320,12),(4,322,13),(4,327,2),(4,329,4),(4,332,5),(4,334,29),(4,337,15),(4,341,10),(4,344,25),(4,345,6),(4,347,5),(4,348,9),(4,349,5),(4,354,21),(4,355,23),(4,356,5),(4,363,21),(4,375,15),(4,376,1),(4,381,28),(4,387,26),(4,390,29),(4,394,21),(4,398,13),(4,399,19),(4,402,26),(4,407,15),(4,408,23),(4,412,21),(4,415,16),(4,416,17),(4,418,8),(4,419,9),(4,421,27),(4,422,21),(4,426,23),(4,427,11),(4,432,21),(4,434,25),(4,436,3),(4,438,12),(4,441,16),(4,442,5),(4,446,15),(4,449,26),(4,451,25),(4,452,23),(4,454,15),(4,469,18),(4,470,21),(4,472,13),(4,476,13),(4,478,4),(4,480,7),(4,481,29),(4,483,14),(4,484,25),(4,485,30),(4,486,30),(4,487,7),(4,488,3),(4,489,20),(4,490,4),(4,492,19),(4,494,15),(4,495,9),(4,496,30),(4,497,5),(4,501,15),(4,502,8),(4,503,16),(4,506,4),(4,508,27),(4,510,24),(4,513,9),(4,516,1),(4,517,21),(4,520,3),(4,521,12),(4,522,12),(4,523,23),(4,524,29),(4,526,28),(4,527,12),(4,529,6),(4,533,2),(4,534,28),(4,535,25),(4,537,5),(4,539,29),(4,540,18),(4,541,18),(4,544,21),(4,545,6),(4,547,1),(4,548,6),(4,550,18),(4,551,11),(4,555,28),(4,557,15),(4,558,4),(4,559,16),(4,561,26),(4,562,21),(4,564,2),(4,565,15),(4,567,4),(4,569,19),(4,570,17),(4,572,2),(4,577,16),(4,579,15),(4,581,26),(4,582,1),(4,583,29),(4,589,5),(4,591,8),(4,594,2),(4,595,10),(4,598,25),(4,602,1),(4,605,24),(4,606,8),(4,607,22),(4,608,2),(4,609,18),(4,610,18),(4,611,28),(4,612,6),(4,613,21),(4,614,2),(4,615,16),(4,616,14),(4,619,21),(4,621,10),(4,622,13),(4,624,2),(4,625,7),(4,626,4),(4,628,22),(4,630,18),(4,631,30),(4,632,24),(4,633,17),(4,634,19),(4,635,19),(4,639,26),(4,640,10),(4,641,12),(4,643,22),(4,644,7),(4,646,16),(4,648,28),(4,650,17),(4,651,27),(4,654,23),(4,655,24),(4,658,1),(4,659,22),(4,660,21),(4,662,24),(4,665,16),(4,666,14),(4,669,14),(4,670,9),(4,674,4),(4,675,23),(4,676,15),(4,677,6),(4,679,27),(4,680,22),(4,681,23),(4,684,17),(4,685,27),(4,686,11),(4,687,5),(4,689,28),(4,690,9),(4,691,16),(4,696,16),(4,697,11),(4,698,4),(4,700,24),(4,702,9),(4,703,26),(4,707,27),(4,710,10),(4,713,11),(4,714,3),(4,715,20),(4,717,9),(4,718,22),(4,720,17),(4,721,27),(4,725,21),(4,726,3),(4,727,10),(4,728,1),(4,729,21),(4,732,9),(4,733,3),(4,738,2),(4,739,22),(4,742,1),(4,744,12),(4,749,20),(4,750,19),(4,752,23),(4,754,4),(4,756,13),(4,760,5),(4,762,19),(4,764,5),(4,765,29),(4,766,21),(4,767,2),(4,769,28),(4,770,1),(4,771,6),(4,773,29),(4,774,2),(4,775,13),(4,776,7),(4,777,28),(4,779,14),(4,783,28),(4,784,22),(4,785,16),(4,786,16),(4,788,7),(4,789,8),(4,794,20),(4,795,21),(4,796,21),(4,797,5),(4,799,21),(4,800,23),(5,1,19),(5,6,11),(5,8,14),(5,10,16),(5,13,17),(5,15,13),(5,17,25),(5,20,28),(5,24,23),(5,26,24),(5,27,6),(5,38,27),(5,40,9),(5,49,8),(5,50,23),(5,53,16),(5,56,25),(5,60,11),(5,70,9),(5,74,3),(5,75,28),(5,78,15),(5,79,16),(5,81,18),(5,84,30),(5,87,2),(5,88,16),(5,100,15),(5,105,2),(5,110,24),(5,128,15),(5,132,18),(5,135,8),(5,138,17),(5,143,13),(5,144,4),(5,145,20),(5,147,4),(5,148,30),(5,150,3),(5,158,14),(5,161,20),(5,172,21),(5,173,13),(5,175,4),(5,176,27),(5,177,26),(5,179,23),(5,184,27),(5,186,28),(5,190,20),(5,195,8),(5,197,15),(5,198,1),(5,199,20),(5,202,1),(5,204,30),(5,206,17),(5,207,6),(5,211,9),(5,215,4),(5,230,9),(5,241,11),(5,246,11),(5,247,14),(5,248,28),(5,250,6),(5,252,15),(5,254,21),(5,255,11),(5,256,26),(5,261,10),(5,265,22),(5,268,28),(5,275,15),(5,277,18),(5,278,18),(5,280,20),(5,285,26),(5,286,12),(5,293,16),(5,297,6),(5,298,4),(5,302,23),(5,304,10),(5,308,19),(5,314,10),(5,317,5),(5,318,18),(5,324,24),(5,325,28),(5,326,16),(5,334,19),(5,337,18),(5,340,27),(5,341,16),(5,345,9),(5,348,3),(5,355,23),(5,356,22),(5,359,30),(5,361,6),(5,363,25),(5,366,9),(5,368,15),(5,373,27),(5,375,5),(5,377,15),(5,379,19),(5,383,5),(5,384,9),(5,388,27),(5,389,22),(5,397,24),(5,398,18),(5,399,28),(5,403,6),(5,405,21),(5,407,27),(5,408,5),(5,412,29),(5,414,7),(5,420,13),(5,424,21),(5,426,12),(5,428,19),(5,435,4),(5,436,6),(5,437,12),(5,439,25),(5,441,7),(5,444,5),(5,445,13),(5,453,19),(5,454,8),(5,455,20),(5,456,11),(5,458,18),(5,459,7),(5,463,24),(5,464,20),(5,466,30),(5,471,3),(5,476,16),(5,478,5),(5,482,15),(5,484,29),(5,486,16),(5,487,10),(5,489,10),(5,491,22),(5,492,17),(5,498,28),(5,499,20),(5,500,26),(5,507,17),(5,513,29),(5,515,12),(5,519,15),(5,520,19),(5,521,10),(5,523,10),(5,527,3),(5,533,23),(5,536,10),(5,542,22),(5,543,5),(5,547,28),(5,548,8),(5,550,21),(5,554,5),(5,559,7),(5,560,20),(5,564,21),(5,567,17),(5,568,30),(5,570,12),(5,572,14),(5,573,5),(5,576,30),(5,577,3),(5,578,4),(5,579,11),(5,584,17),(5,585,8),(5,589,21),(5,591,10),(5,592,2),(5,596,13),(5,602,15),(5,605,7),(5,608,17),(5,611,24),(5,617,3),(5,628,29),(5,632,1),(5,636,5),(5,637,29),(5,639,23),(5,644,10),(5,649,19),(5,654,26),(5,659,15),(5,660,15),(5,661,4),(5,663,16),(5,671,7),(5,672,10),(5,677,7),(5,678,28),(5,682,26),(5,683,11),(5,688,6),(5,689,8),(5,690,5),(5,693,1),(5,695,2),(5,700,28),(5,708,24),(5,715,6),(5,719,19),(5,723,18),(5,725,22),(5,726,14),(5,727,29),(5,730,3),(5,731,1),(5,732,16),(5,735,1),(5,738,8),(5,741,7),(5,743,1),(5,744,21),(5,746,30),(5,750,4),(5,751,3),(5,753,9),(5,759,11),(5,760,7),(5,763,1),(5,773,16),(5,774,15),(5,776,20),(5,777,24),(5,778,20),(5,779,17),(5,787,7),(5,794,29),(5,795,6),(5,796,7),(5,797,8),(5,798,6);
/*!40000 ALTER TABLE `magazyn_produkt` ENABLE KEYS */;
UNLOCK TABLES;

--
-- Table structure for table `placowka`
--

DROP TABLE IF EXISTS `placowka`;
/*!40101 SET @saved_cs_client     = @@character_set_client */;
/*!50503 SET character_set_client = utf8mb4 */;
CREATE TABLE `placowka` (
  `placowka_id` int NOT NULL AUTO_INCREMENT,
  `adres_id` int NOT NULL,
  `magazyn_ID` int NOT NULL,
  `nazwa` varchar(40) NOT NULL,
  PRIMARY KEY (`placowka_id`),
  KEY `FKPlacowka994938` (`adres_id`),
  KEY `FKPlacowka205223` (`magazyn_ID`),
  CONSTRAINT `FKPlacowka205223` FOREIGN KEY (`magazyn_ID`) REFERENCES `magazyn` (`magazyn_ID`),
  CONSTRAINT `FKPlacowka994938` FOREIGN KEY (`adres_id`) REFERENCES `adres` (`adres_ID`)
) ENGINE=InnoDB AUTO_INCREMENT=6 DEFAULT CHARSET=utf8mb4 COLLATE=utf8mb4_0900_ai_ci;
/*!40101 SET character_set_client = @saved_cs_client */;

--
-- Dumping data for table `placowka`
--

LOCK TABLES `placowka` WRITE;
/*!40000 ALTER TABLE `placowka` DISABLE KEYS */;
INSERT INTO `placowka` VALUES (1,531,1,'Placowka1'),(2,532,2,'Placowka2'),(3,533,3,'Placowka3'),(4,534,4,'Placowka4'),(5,535,5,'Placowka5');
/*!40000 ALTER TABLE `placowka` ENABLE KEYS */;
UNLOCK TABLES;

--
-- Table structure for table `pracownik`
--

DROP TABLE IF EXISTS `pracownik`;
/*!40101 SET @saved_cs_client     = @@character_set_client */;
/*!50503 SET character_set_client = utf8mb4 */;
CREATE TABLE `pracownik` (
  `pracownik_ID` int NOT NULL AUTO_INCREMENT,
  `dane_osobowe_ID` int NOT NULL,
  `placowka_id` int NOT NULL,
  `login` varchar(20) NOT NULL,
  `haslo` varchar(250) NOT NULL,
  `funkcja` varchar(10) NOT NULL,
  `zmianahasla` date NOT NULL,
  PRIMARY KEY (`pracownik_ID`),
  UNIQUE KEY `login` (`login`),
  KEY `FKPracownik866164` (`placowka_id`),
  KEY `FKPracownik784739` (`dane_osobowe_ID`),
  CONSTRAINT `FKPracownik784739` FOREIGN KEY (`dane_osobowe_ID`) REFERENCES `dane_osobowe` (`dane_osobowe_ID`),
  CONSTRAINT `FKPracownik866164` FOREIGN KEY (`placowka_id`) REFERENCES `placowka` (`placowka_id`)
) ENGINE=InnoDB AUTO_INCREMENT=32 DEFAULT CHARSET=utf8mb4 COLLATE=utf8mb4_0900_ai_ci;
/*!40101 SET character_set_client = @saved_cs_client */;

--
-- Dumping data for table `pracownik`
--

LOCK TABLES `pracownik` WRITE;
/*!40000 ALTER TABLE `pracownik` DISABLE KEYS */;
INSERT INTO `pracownik` VALUES (1,501,2,'LoginPracownik1','60c765d84ff11e771572a015dbc53804a7da2ca5779e4d7e4efc049b7d2aeeac6671363b271bf194eb1a3b4b5ede30d0c8d915601dd5c629751757110955b366:7c6aa7550d5edc1c237e91bccf5071237787c5e9024','admin','2022-01-18'),(2,502,2,'LoginPracownik2','ac2b6eb05ad7d28283b2af4f41678323553899aeb4c8137fccfc7a68641c5c30a7489442dd1c85395a5e956d10d5cfd8526c36d644f2774e92082f28c9ea4855:18cf740776d474c7146403d3949d241c831b6a3f55c37','sprzedawca','2022-01-18'),(3,503,5,'LoginPracownik3','16c67f5fa0260b4f1a1e7c84fd4cba0e8d330b9eae2f9beb1993238629472f816e51ed427559a61d43d30d341e49381a391f42e91316c55fef56734ec132033f:c4214ad32e73003a4d3683265c19493561d97e7a0da0','informatyk','2022-01-18'),(4,504,2,'LoginPracownik4','5172a4c30481cae34c6cc31baac5544ac9408cb5c771317f5eb4244c8123a1a9f27dbe7bd5a6cb4356bc10449bc76b6c11a950ae40a8bae5ff11aa923a9bc8e2:5a76ff70305f4512209b15a42b7fd1a4a6a551327a38','sprzedawca','2021-01-17'),(5,505,4,'LoginPracownik5','0cb86b2f00491f7a93aaf5a9edaac308353cafc32a47db716a88e1cbdd9a8b3d8b4e47567db94eb152c4f5e9f5ef3377b8338fe3448850c147aeaeab9912d848:2d4f54d6a20246451fdb635ad27a3b4311e315e5a4c8507c7e66','menader','2022-01-18'),(6,506,3,'LoginPracownik6','369772a2a0a162533b3ec801fc5f0c43b8017c6910b223ba949d717bf548c78c0d3185abeccd2f3818342594a5e041b3fe5bc0b14d1790a4ce21d366414ade0d:5e80500561364c3a442a7b767b336772836f3c6f1571a','sprzedawca','2021-01-17'),(7,507,1,'LoginPracownik7','2ce0496132581a4f1da207cbb3050bf0879608800b9feb40ba8227841f4c49e05a34c2fea60e75b53687794b387babdc3a491f7ade2b96484aed6d625b4a2e82:f577315203fb15651d26f54f2947dd5d5c17a64483c2fb','informatyk','2021-12-12'),(8,508,4,'LoginPracownik8','ec4b6ab5110892bf842894fa9cc675d80ca27fcfde8caefc13c6ca5175c388e13be26fc0a50e8df753a222e4744970507e2e60137f24ac85da9cc58828a1b978:1a6aa46d5c44464f56239f51a6d68423d29fb67729d','menader','2021-01-17'),(9,509,1,'LoginPracownik9','5e99168abc6531b38fa3bc1f4e27e3b940b60102983288deb019ea39c9c741850974c503882d6e8127b1d2618fd8b955ab88fbe42e9689c032b0f3bb327a68d2:4a27b40979815384c4893f13a875764f55cc70bb2e5f9','sprzedawca','2021-01-17'),(10,510,2,'LoginPracownik10','81dda5160aa7386044e6e2fd799826f16cbfbbd91f3c50d1f3e341c02fb716c81b799ddabda72f01911e1154a47bb96b4ca1951b3c50db5677f0bf02fc32ec1d:5d4d6a95aca35aa37f1f1bd567a2510346a884473778','sprzedawca','2021-12-12'),(11,511,3,'LoginPracownik11','8994d7c81864a6ca3eb60419502cc97661561ef8fd42d115b6f403e4ce09916ea6ec663539b37e5d0684f08546298768f805717c93260e949b12292ddad5e6a0:50203245147e40a92e5ca7622c357449ea2f5dcb2a5a7d893','menader','0000-00-00'),(12,512,5,'LoginPracownik12','89ee4d178ce9129ab78ca9d93c4a26cd92f77a15603fccf16c38e91fe685911c4a78cc0f0d108aa699b35a7d7da050a05532bc853700d09eb1aa7df34b6cf22c:4d6027622dc55a3b120a7d10524025c42fb8318465843','menader','2021-12-12'),(13,513,5,'LoginPracownik13','9f355a74498341736d31b1b0c306f7d0c2e0152d1884d4081d8493ad314cee76f77e2138c8874f57aaecb30c143dc4870b612768464e2bfc73c5d0dc84c2fc90:e61710ad00654c4a26064ea36c70b26f9f6fa8075','menader','2022-01-18'),(14,514,3,'LoginPracownik14','2042f5b324a7ca2513ed2c57b1c0257a4b0b5973bcfbbc80aa6d165b94a0976e986fd730cb165b596f257466e864fb131c36b7fd6abfa93d6200ab9e527307c8:660279634b7f2f785f1733bc7db3ea136d5c0517676a','menader','2021-12-12'),(15,515,4,'LoginPracownik15','214a8f349116cb98be39d47c72041316ab8c516b03e9672a3d279b36a1358f9c815b127dea3ee8bf2de740e099e0e9a2cbe6aeb5a964aa95452602ea519117c5:385ccde53d4b7215a35535de017966bb218d436','informatyk','2021-01-17'),(16,516,1,'LoginPracownik16','676a9f49be2640dc25992d41bc23e97002d46a8902c8a7dfc1cafde61cb34c08f943f9bc2f20d96154b4aab38273d38c5b31bf6aa9b4f82214846c9cd428778a:f10796b25134748c17414730654322e4d2e88750aec557b','menader','2021-01-17'),(17,517,4,'LoginPracownik17','c9e3838b5effd64947733bd14e9dc06ebf27597eee086339d215bdc1146e4ef98c9a6aea62e8461a90f5df003f8e554f8059483169ec74e9e963a4f53d0504e0:f34502052f16c57210377647ff664532effe5f4f2c495','informatyk','2021-12-12'),(18,518,1,'LoginPracownik18','e44f680aa51ee7ca22f511b82c625ef2fbbfaf15201e21116d068410f514695a9fc2a34b893ef8147509293ca30531f51d30af53ed816da7b94465f5e67f05b4:47a8e44bf6e0d4e8fd96042d74190584085c1d','sprzedawca','2021-01-17'),(19,519,5,'LoginPracownik19','9d8d0e8c11b0a8065473f78506a873bfc9cf420f8c87ab4437fb8c142ce63483438006c837b9b5a943ef2d55ae8d1e760e193f879653a18f9e8e0f914f2776ca:7b4f67a51ac35a2d6d7320874653d684ff4e7862434b','sprzedawca','2021-01-17'),(20,520,1,'LoginPracownik20','03ff61e5c8080a94e1eee4dfa5d578263596f2080f4a4e386979a7ada223ce6c45359b3f322fc97d8ee601d7f511dd07061822f5784124f1588cb103a2e136a6:dcb2b367809fdf77d285b329d99a1ff9b75','informatyk','2021-12-12'),(21,521,4,'LoginPracownik21','7fa9590e1bc32b9a6e74683f784607aa7121d172140eab06fb18720d251b93eada2ea8d1c9183c998b60883d9347d77654cb0b1c14e2a8c1884152e317291165:4f1372c2f716970b022d912a91403f4e275611','sprzedawca','2021-01-17'),(22,522,2,'LoginPracownik22','a119183d938320bd45ae7e2a2d1605193f93e93c5aa34a5b53ab076b910261fe45c84bee1575102b08c8d3885ef0ea3d2a6b65d41ef58ce880b5521b2cda0a4e:b263de53fb4bd794dae7f466c72fe2f135c8a1','menader','2021-12-12'),(23,523,4,'LoginPracownik23','e86f40bff010f17b997a54cdec3fca2d2857c678d926854378c4a6d28b08db38341ea62346071f25974e5c520bd6e9e92e6a79390cadafcd4328970e4c04ca77:6865465792a251b2c7874c02468d95177134490ef79','informatyk','2021-01-17'),(24,524,5,'LoginPracownik24','3f16935b63ef3752819ebbce2d3c91d6b068ebdc90b523fc8d8494b88eb75ab4061fd53a67447e7f5d4614bbfcd057fe07d56121648be838dc6a92ba4288b1d1:757e2277d4163453849b29283843c5fe2b6c3a63203d377','informatyk','2021-01-17'),(25,525,3,'LoginPracownik25','702e466116dafe8f81cf3613fc1278c2c0cd9143b54e242831bf397887d5560de7d34d1b66dd823f4bbc7aa079f8ca33f7dd862d84f4a10997c210c32f232ef8:71ed773edecf723156c2477607242434b7c327a2361045','informatyk','2022-01-18'),(26,526,2,'LoginPracownik26','a6a4a9f5f3c72955da035e6e9593f46ac91f0ae8ce27ed4d9dd49740ec5ca9e09d588020a7bbfe38ee457107e5c1dc6ccd2e6379830108ffb7393ec831af27be:8396825de91f13c6c9864cf181370bc91845647248a','menader','2021-12-12'),(27,527,5,'LoginPracownik27','86f2a7fa66386d4a5d50fdbb2c6f1e800fea8e8c30aaaa661c520b6322f647d8111c858f59f28254df5a07a766c2437809288c93e33e0c8414a3c3eca240e163:ae12553830643176713b2ea2346f3f9645631930ec1a1a','menader','2021-12-12'),(28,528,3,'LoginPracownik28','7cc880b333499dab3d413e3ce62705ad1c1a0a935f81321306d53bc789ce6b9fd68289baacf30bc1b958fbfcf5b5a4e2a7a32840e00cac32457429288e2c8c93:517bc724692804142653268bc3736635a59794c0e661922','menader','2022-01-18'),(29,529,5,'LoginPracownik29','cd9668f803f39ab3f45986693e9ba3e3d40243d9c937392d2ac071aa55ac54c4b97e8569b3f64789e0d4f7363531f074095d1ac0a0ec254f8dd814a056d6543b:d7057615c17f03154344f23b65777d1887864c4852ee61','informatyk','2021-01-17'),(30,530,3,'LoginPracownik30','a16f4d1980fb13b62e6f35a95539403b93f60c7b5d9819f4e059552276eaf188a59dc4d24576e08c124ac7b6c465d6a441633bbc01dcc86d998d2649910cc29f:41d615d69c4a37317523b277b662010527815a4e29bac','informatyk','2022-01-18'),(31,531,1,'LoginPracownik31','c3ac5ca6089d35e52678573c1a46cfae494ea9a39cfd49fda36ae10ecf639cf62d4b53ab7f3e99851f848571d099f908097fd6bc6015dedaf457801b3ace0cfb:00d3284172213618444bc1729a6611e73c4666417b','sprzedawca','2021-01-17');
/*!40000 ALTER TABLE `pracownik` ENABLE KEYS */;
UNLOCK TABLES;

--
-- Table structure for table `produkt`
--

DROP TABLE IF EXISTS `produkt`;
/*!40101 SET @saved_cs_client     = @@character_set_client */;
/*!50503 SET character_set_client = utf8mb4 */;
CREATE TABLE `produkt` (
  `produkt_ID` int NOT NULL AUTO_INCREMENT,
  `cena` float NOT NULL,
  `Promocja` int DEFAULT NULL,
  `nazwa` varchar(40) NOT NULL,
  `opis` varchar(255) NOT NULL,
  `kategoria_ID` int NOT NULL,
  PRIMARY KEY (`produkt_ID`),
  KEY `FKProdukt286136` (`kategoria_ID`),
  CONSTRAINT `FKProdukt286136` FOREIGN KEY (`kategoria_ID`) REFERENCES `kategoria` (`kategoria_ID`)
) ENGINE=InnoDB AUTO_INCREMENT=801 DEFAULT CHARSET=utf8mb4 COLLATE=utf8mb4_0900_ai_ci;
/*!40101 SET character_set_client = @saved_cs_client */;

--
-- Dumping data for table `produkt`
--

LOCK TABLES `produkt` WRITE;
/*!40000 ALTER TABLE `produkt` DISABLE KEYS */;
INSERT INTO `produkt` VALUES (1,1000,0,'NazwaProduktu1','Opis produktu: NazwaProduktu1',1),(2,100,10,'NazwaProduktu2','Opis produktu: NazwaProduktu2',3),(3,3682.32,54,'NazwaProduktu3','Opis produktu: NazwaProduktu3',1),(4,3544.46,9,'NazwaProduktu4','Opis produktu: NazwaProduktu4',4),(5,2831.71,16,'NazwaProduktu5','Opis produktu: NazwaProduktu5',10),(6,1859.52,12,'NazwaProduktu6','Opis produktu: NazwaProduktu6',16),(7,856.943,46,'NazwaProduktu7','Opis produktu: NazwaProduktu7',8),(8,4486.64,52,'NazwaProduktu8','Opis produktu: NazwaProduktu8',12),(9,1537.63,13,'NazwaProduktu9','Opis produktu: NazwaProduktu9',16),(10,4424.98,3,'NazwaProduktu10','Opis produktu: NazwaProduktu10',18),(11,3888.79,39,'NazwaProduktu11','Opis produktu: NazwaProduktu11',10),(12,4927.38,56,'NazwaProduktu12','Opis produktu: NazwaProduktu12',19),(13,4895.86,12,'NazwaProduktu13','Opis produktu: NazwaProduktu13',18),(14,2081.34,36,'NazwaProduktu14','Opis produktu: NazwaProduktu14',15),(15,2964.37,41,'NazwaProduktu15','Opis produktu: NazwaProduktu15',8),(16,1554.66,54,'NazwaProduktu16','Opis produktu: NazwaProduktu16',1),(17,4196.98,40,'NazwaProduktu17','Opis produktu: NazwaProduktu17',20),(18,3737.38,40,'NazwaProduktu18','Opis produktu: NazwaProduktu18',6),(19,3792.65,59,'NazwaProduktu19','Opis produktu: NazwaProduktu19',2),(20,3405.39,4,'NazwaProduktu20','Opis produktu: NazwaProduktu20',15),(21,4110.34,12,'NazwaProduktu21','Opis produktu: NazwaProduktu21',10),(22,191.572,9,'NazwaProduktu22','Opis produktu: NazwaProduktu22',18),(23,429.82,12,'NazwaProduktu23','Opis produktu: NazwaProduktu23',17),(24,4202.64,58,'NazwaProduktu24','Opis produktu: NazwaProduktu24',4),(25,4231.42,4,'NazwaProduktu25','Opis produktu: NazwaProduktu25',14),(26,2624.54,7,'NazwaProduktu26','Opis produktu: NazwaProduktu26',19),(27,4476.99,27,'NazwaProduktu27','Opis produktu: NazwaProduktu27',1),(28,1729.44,20,'NazwaProduktu28','Opis produktu: NazwaProduktu28',20),(29,1834.29,50,'NazwaProduktu29','Opis produktu: NazwaProduktu29',11),(30,1352.08,6,'NazwaProduktu30','Opis produktu: NazwaProduktu30',19),(31,4854.23,43,'NazwaProduktu31','Opis produktu: NazwaProduktu31',5),(32,97.8853,51,'NazwaProduktu32','Opis produktu: NazwaProduktu32',19),(33,310.725,45,'NazwaProduktu33','Opis produktu: NazwaProduktu33',4),(34,1157.67,38,'NazwaProduktu34','Opis produktu: NazwaProduktu34',1),(35,674.871,59,'NazwaProduktu35','Opis produktu: NazwaProduktu35',16),(36,4548.76,23,'NazwaProduktu36','Opis produktu: NazwaProduktu36',9),(37,3108.22,8,'NazwaProduktu37','Opis produktu: NazwaProduktu37',15),(38,2145.58,25,'NazwaProduktu38','Opis produktu: NazwaProduktu38',15),(39,4871.34,2,'NazwaProduktu39','Opis produktu: NazwaProduktu39',14),(40,1756.84,1,'NazwaProduktu40','Opis produktu: NazwaProduktu40',10),(41,742.253,59,'NazwaProduktu41','Opis produktu: NazwaProduktu41',9),(42,2634.91,2,'NazwaProduktu42','Opis produktu: NazwaProduktu42',2),(43,3581.1,7,'NazwaProduktu43','Opis produktu: NazwaProduktu43',9),(44,3420.46,57,'NazwaProduktu44','Opis produktu: NazwaProduktu44',5),(45,4522.25,56,'NazwaProduktu45','Opis produktu: NazwaProduktu45',10),(46,4740.71,31,'NazwaProduktu46','Opis produktu: NazwaProduktu46',15),(47,4892.22,25,'NazwaProduktu47','Opis produktu: NazwaProduktu47',9),(48,2250.06,51,'NazwaProduktu48','Opis produktu: NazwaProduktu48',7),(49,2392.25,27,'NazwaProduktu49','Opis produktu: NazwaProduktu49',9),(50,3984.55,25,'NazwaProduktu50','Opis produktu: NazwaProduktu50',19),(51,4035.4,10,'NazwaProduktu51','Opis produktu: NazwaProduktu51',14),(52,1449.48,26,'NazwaProduktu52','Opis produktu: NazwaProduktu52',7),(53,4690.59,23,'NazwaProduktu53','Opis produktu: NazwaProduktu53',2),(54,1574.69,31,'NazwaProduktu54','Opis produktu: NazwaProduktu54',11),(55,4697.92,34,'NazwaProduktu55','Opis produktu: NazwaProduktu55',4),(56,1461.94,39,'NazwaProduktu56','Opis produktu: NazwaProduktu56',4),(57,4966.15,10,'NazwaProduktu57','Opis produktu: NazwaProduktu57',13),(58,3130.45,41,'NazwaProduktu58','Opis produktu: NazwaProduktu58',2),(59,4584.43,47,'NazwaProduktu59','Opis produktu: NazwaProduktu59',14),(60,2546.66,7,'NazwaProduktu60','Opis produktu: NazwaProduktu60',16),(61,2294.49,48,'NazwaProduktu61','Opis produktu: NazwaProduktu61',11),(62,4165.27,23,'NazwaProduktu62','Opis produktu: NazwaProduktu62',8),(63,2364.4,48,'NazwaProduktu63','Opis produktu: NazwaProduktu63',5),(64,3476.68,9,'NazwaProduktu64','Opis produktu: NazwaProduktu64',19),(65,2843.67,57,'NazwaProduktu65','Opis produktu: NazwaProduktu65',17),(66,2899.7,10,'NazwaProduktu66','Opis produktu: NazwaProduktu66',18),(67,2343.74,11,'NazwaProduktu67','Opis produktu: NazwaProduktu67',13),(68,4200.9,40,'NazwaProduktu68','Opis produktu: NazwaProduktu68',15),(69,3094.87,32,'NazwaProduktu69','Opis produktu: NazwaProduktu69',20),(70,2186.87,32,'NazwaProduktu70','Opis produktu: NazwaProduktu70',8),(71,2872.14,48,'NazwaProduktu71','Opis produktu: NazwaProduktu71',9),(72,3240.87,52,'NazwaProduktu72','Opis produktu: NazwaProduktu72',11),(73,2703.08,4,'NazwaProduktu73','Opis produktu: NazwaProduktu73',20),(74,2833.03,8,'NazwaProduktu74','Opis produktu: NazwaProduktu74',19),(75,2124.15,35,'NazwaProduktu75','Opis produktu: NazwaProduktu75',7),(76,192.135,17,'NazwaProduktu76','Opis produktu: NazwaProduktu76',14),(77,4245.39,3,'NazwaProduktu77','Opis produktu: NazwaProduktu77',17),(78,1222.01,54,'NazwaProduktu78','Opis produktu: NazwaProduktu78',20),(79,1323.31,38,'NazwaProduktu79','Opis produktu: NazwaProduktu79',19),(80,4345.04,16,'NazwaProduktu80','Opis produktu: NazwaProduktu80',4),(81,4219.15,14,'NazwaProduktu81','Opis produktu: NazwaProduktu81',4),(82,4377.06,56,'NazwaProduktu82','Opis produktu: NazwaProduktu82',14),(83,1116.55,25,'NazwaProduktu83','Opis produktu: NazwaProduktu83',1),(84,789.952,26,'NazwaProduktu84','Opis produktu: NazwaProduktu84',17),(85,1609.04,56,'NazwaProduktu85','Opis produktu: NazwaProduktu85',16),(86,4828.87,14,'NazwaProduktu86','Opis produktu: NazwaProduktu86',4),(87,2956.55,19,'NazwaProduktu87','Opis produktu: NazwaProduktu87',7),(88,4576.94,47,'NazwaProduktu88','Opis produktu: NazwaProduktu88',18),(89,3092.41,1,'NazwaProduktu89','Opis produktu: NazwaProduktu89',3),(90,1418.45,15,'NazwaProduktu90','Opis produktu: NazwaProduktu90',5),(91,2426.3,23,'NazwaProduktu91','Opis produktu: NazwaProduktu91',1),(92,2709.43,31,'NazwaProduktu92','Opis produktu: NazwaProduktu92',17),(93,3649.95,55,'NazwaProduktu93','Opis produktu: NazwaProduktu93',13),(94,3542.96,3,'NazwaProduktu94','Opis produktu: NazwaProduktu94',6),(95,2182.41,19,'NazwaProduktu95','Opis produktu: NazwaProduktu95',12),(96,1760.73,25,'NazwaProduktu96','Opis produktu: NazwaProduktu96',12),(97,647.711,26,'NazwaProduktu97','Opis produktu: NazwaProduktu97',12),(98,1918.23,55,'NazwaProduktu98','Opis produktu: NazwaProduktu98',14),(99,10.7255,32,'NazwaProduktu99','Opis produktu: NazwaProduktu99',6),(100,4368.98,57,'NazwaProduktu100','Opis produktu: NazwaProduktu100',9),(101,3803.93,21,'NazwaProduktu101','Opis produktu: NazwaProduktu101',18),(102,297.762,37,'NazwaProduktu102','Opis produktu: NazwaProduktu102',1),(103,4553.92,35,'NazwaProduktu103','Opis produktu: NazwaProduktu103',15),(104,4386.55,37,'NazwaProduktu104','Opis produktu: NazwaProduktu104',9),(105,2175.57,57,'NazwaProduktu105','Opis produktu: NazwaProduktu105',17),(106,2587.04,22,'NazwaProduktu106','Opis produktu: NazwaProduktu106',4),(107,2006.3,16,'NazwaProduktu107','Opis produktu: NazwaProduktu107',1),(108,3925.87,32,'NazwaProduktu108','Opis produktu: NazwaProduktu108',19),(109,1997.28,25,'NazwaProduktu109','Opis produktu: NazwaProduktu109',15),(110,3472.96,18,'NazwaProduktu110','Opis produktu: NazwaProduktu110',8),(111,4063.08,18,'NazwaProduktu111','Opis produktu: NazwaProduktu111',18),(112,4612.45,29,'NazwaProduktu112','Opis produktu: NazwaProduktu112',4),(113,2089.4,32,'NazwaProduktu113','Opis produktu: NazwaProduktu113',19),(114,2009.87,32,'NazwaProduktu114','Opis produktu: NazwaProduktu114',14),(115,3140.03,44,'NazwaProduktu115','Opis produktu: NazwaProduktu115',15),(116,3041.29,51,'NazwaProduktu116','Opis produktu: NazwaProduktu116',18),(117,279.299,28,'NazwaProduktu117','Opis produktu: NazwaProduktu117',8),(118,310.625,59,'NazwaProduktu118','Opis produktu: NazwaProduktu118',7),(119,3280.65,55,'NazwaProduktu119','Opis produktu: NazwaProduktu119',2),(120,359.089,51,'NazwaProduktu120','Opis produktu: NazwaProduktu120',18),(121,2834.46,3,'NazwaProduktu121','Opis produktu: NazwaProduktu121',6),(122,3500.8,50,'NazwaProduktu122','Opis produktu: NazwaProduktu122',13),(123,4777.63,4,'NazwaProduktu123','Opis produktu: NazwaProduktu123',13),(124,3420.78,12,'NazwaProduktu124','Opis produktu: NazwaProduktu124',15),(125,2244.36,48,'NazwaProduktu125','Opis produktu: NazwaProduktu125',11),(126,4814.77,26,'NazwaProduktu126','Opis produktu: NazwaProduktu126',15),(127,768.688,12,'NazwaProduktu127','Opis produktu: NazwaProduktu127',6),(128,3507.08,31,'NazwaProduktu128','Opis produktu: NazwaProduktu128',13),(129,1347.5,15,'NazwaProduktu129','Opis produktu: NazwaProduktu129',6),(130,2147.85,27,'NazwaProduktu130','Opis produktu: NazwaProduktu130',5),(131,3310.86,23,'NazwaProduktu131','Opis produktu: NazwaProduktu131',7),(132,853.113,58,'NazwaProduktu132','Opis produktu: NazwaProduktu132',7),(133,1128.7,19,'NazwaProduktu133','Opis produktu: NazwaProduktu133',11),(134,539.995,27,'NazwaProduktu134','Opis produktu: NazwaProduktu134',17),(135,3767.54,23,'NazwaProduktu135','Opis produktu: NazwaProduktu135',18),(136,2552.41,38,'NazwaProduktu136','Opis produktu: NazwaProduktu136',2),(137,1650.89,18,'NazwaProduktu137','Opis produktu: NazwaProduktu137',15),(138,1030.25,58,'NazwaProduktu138','Opis produktu: NazwaProduktu138',10),(139,3891.99,58,'NazwaProduktu139','Opis produktu: NazwaProduktu139',11),(140,2740.79,57,'NazwaProduktu140','Opis produktu: NazwaProduktu140',6),(141,2123.78,27,'NazwaProduktu141','Opis produktu: NazwaProduktu141',9),(142,4672.66,46,'NazwaProduktu142','Opis produktu: NazwaProduktu142',14),(143,4499.98,59,'NazwaProduktu143','Opis produktu: NazwaProduktu143',6),(144,491.877,31,'NazwaProduktu144','Opis produktu: NazwaProduktu144',2),(145,4964.68,32,'NazwaProduktu145','Opis produktu: NazwaProduktu145',11),(146,4485.79,27,'NazwaProduktu146','Opis produktu: NazwaProduktu146',19),(147,2098.34,58,'NazwaProduktu147','Opis produktu: NazwaProduktu147',7),(148,2.49339,46,'NazwaProduktu148','Opis produktu: NazwaProduktu148',4),(149,610.547,30,'NazwaProduktu149','Opis produktu: NazwaProduktu149',6),(150,826.969,17,'NazwaProduktu150','Opis produktu: NazwaProduktu150',2),(151,443.305,50,'NazwaProduktu151','Opis produktu: NazwaProduktu151',13),(152,2299.11,5,'NazwaProduktu152','Opis produktu: NazwaProduktu152',11),(153,4451.94,51,'NazwaProduktu153','Opis produktu: NazwaProduktu153',12),(154,1512.82,26,'NazwaProduktu154','Opis produktu: NazwaProduktu154',6),(155,855,33,'NazwaProduktu155','Opis produktu: NazwaProduktu155',15),(156,2654.11,53,'NazwaProduktu156','Opis produktu: NazwaProduktu156',3),(157,4592.04,18,'NazwaProduktu157','Opis produktu: NazwaProduktu157',15),(158,3641.35,19,'NazwaProduktu158','Opis produktu: NazwaProduktu158',20),(159,2701.87,59,'NazwaProduktu159','Opis produktu: NazwaProduktu159',3),(160,951.267,27,'NazwaProduktu160','Opis produktu: NazwaProduktu160',3),(161,430.998,2,'NazwaProduktu161','Opis produktu: NazwaProduktu161',11),(162,4943.97,7,'NazwaProduktu162','Opis produktu: NazwaProduktu162',16),(163,3958.63,4,'NazwaProduktu163','Opis produktu: NazwaProduktu163',9),(164,480.254,2,'NazwaProduktu164','Opis produktu: NazwaProduktu164',5),(165,1714.77,4,'NazwaProduktu165','Opis produktu: NazwaProduktu165',1),(166,3974.31,14,'NazwaProduktu166','Opis produktu: NazwaProduktu166',7),(167,2081.56,20,'NazwaProduktu167','Opis produktu: NazwaProduktu167',16),(168,1695.39,53,'NazwaProduktu168','Opis produktu: NazwaProduktu168',2),(169,3582.05,27,'NazwaProduktu169','Opis produktu: NazwaProduktu169',16),(170,1978.47,53,'NazwaProduktu170','Opis produktu: NazwaProduktu170',3),(171,738.343,32,'NazwaProduktu171','Opis produktu: NazwaProduktu171',11),(172,799.225,26,'NazwaProduktu172','Opis produktu: NazwaProduktu172',1),(173,3766.28,40,'NazwaProduktu173','Opis produktu: NazwaProduktu173',14),(174,3860.32,55,'NazwaProduktu174','Opis produktu: NazwaProduktu174',13),(175,4631.26,52,'NazwaProduktu175','Opis produktu: NazwaProduktu175',7),(176,1089.53,13,'NazwaProduktu176','Opis produktu: NazwaProduktu176',11),(177,3327.48,55,'NazwaProduktu177','Opis produktu: NazwaProduktu177',3),(178,3843.95,48,'NazwaProduktu178','Opis produktu: NazwaProduktu178',2),(179,3807.22,12,'NazwaProduktu179','Opis produktu: NazwaProduktu179',14),(180,4626.09,35,'NazwaProduktu180','Opis produktu: NazwaProduktu180',13),(181,4609.01,34,'NazwaProduktu181','Opis produktu: NazwaProduktu181',3),(182,754.778,5,'NazwaProduktu182','Opis produktu: NazwaProduktu182',3),(183,2376.95,16,'NazwaProduktu183','Opis produktu: NazwaProduktu183',8),(184,236.343,51,'NazwaProduktu184','Opis produktu: NazwaProduktu184',14),(185,1162.33,48,'NazwaProduktu185','Opis produktu: NazwaProduktu185',13),(186,2029.85,40,'NazwaProduktu186','Opis produktu: NazwaProduktu186',10),(187,3542.84,40,'NazwaProduktu187','Opis produktu: NazwaProduktu187',14),(188,331.503,0,'NazwaProduktu188','Opis produktu: NazwaProduktu188',3),(189,928.674,37,'NazwaProduktu189','Opis produktu: NazwaProduktu189',16),(190,693.926,42,'NazwaProduktu190','Opis produktu: NazwaProduktu190',1),(191,552.659,33,'NazwaProduktu191','Opis produktu: NazwaProduktu191',7),(192,661.463,14,'NazwaProduktu192','Opis produktu: NazwaProduktu192',14),(193,4343.44,5,'NazwaProduktu193','Opis produktu: NazwaProduktu193',18),(194,400.337,20,'NazwaProduktu194','Opis produktu: NazwaProduktu194',14),(195,3739.67,14,'NazwaProduktu195','Opis produktu: NazwaProduktu195',19),(196,335.481,39,'NazwaProduktu196','Opis produktu: NazwaProduktu196',3),(197,4170.32,47,'NazwaProduktu197','Opis produktu: NazwaProduktu197',12),(198,9.64839,31,'NazwaProduktu198','Opis produktu: NazwaProduktu198',8),(199,25.9142,14,'NazwaProduktu199','Opis produktu: NazwaProduktu199',4),(200,1377.94,5,'NazwaProduktu200','Opis produktu: NazwaProduktu200',15),(201,3879.29,40,'NazwaProduktu201','Opis produktu: NazwaProduktu201',18),(202,1835.16,47,'NazwaProduktu202','Opis produktu: NazwaProduktu202',11),(203,3018.85,59,'NazwaProduktu203','Opis produktu: NazwaProduktu203',12),(204,1428.79,25,'NazwaProduktu204','Opis produktu: NazwaProduktu204',10),(205,1447.98,45,'NazwaProduktu205','Opis produktu: NazwaProduktu205',2),(206,42.6884,36,'NazwaProduktu206','Opis produktu: NazwaProduktu206',11),(207,2648.56,5,'NazwaProduktu207','Opis produktu: NazwaProduktu207',9),(208,1876.72,36,'NazwaProduktu208','Opis produktu: NazwaProduktu208',11),(209,2282.86,58,'NazwaProduktu209','Opis produktu: NazwaProduktu209',9),(210,4637.47,23,'NazwaProduktu210','Opis produktu: NazwaProduktu210',11),(211,839.961,29,'NazwaProduktu211','Opis produktu: NazwaProduktu211',15),(212,2881.85,58,'NazwaProduktu212','Opis produktu: NazwaProduktu212',4),(213,3065.66,21,'NazwaProduktu213','Opis produktu: NazwaProduktu213',18),(214,3994.04,26,'NazwaProduktu214','Opis produktu: NazwaProduktu214',4),(215,3071.09,54,'NazwaProduktu215','Opis produktu: NazwaProduktu215',11),(216,3075.89,25,'NazwaProduktu216','Opis produktu: NazwaProduktu216',11),(217,1077.96,19,'NazwaProduktu217','Opis produktu: NazwaProduktu217',3),(218,2929.62,2,'NazwaProduktu218','Opis produktu: NazwaProduktu218',19),(219,501.099,18,'NazwaProduktu219','Opis produktu: NazwaProduktu219',3),(220,3755.75,31,'NazwaProduktu220','Opis produktu: NazwaProduktu220',5),(221,4705.73,26,'NazwaProduktu221','Opis produktu: NazwaProduktu221',14),(222,4558.82,0,'NazwaProduktu222','Opis produktu: NazwaProduktu222',6),(223,3048.85,28,'NazwaProduktu223','Opis produktu: NazwaProduktu223',10),(224,1644.48,43,'NazwaProduktu224','Opis produktu: NazwaProduktu224',1),(225,486.512,53,'NazwaProduktu225','Opis produktu: NazwaProduktu225',13),(226,1568.08,24,'NazwaProduktu226','Opis produktu: NazwaProduktu226',16),(227,4248.41,38,'NazwaProduktu227','Opis produktu: NazwaProduktu227',14),(228,1615.28,51,'NazwaProduktu228','Opis produktu: NazwaProduktu228',18),(229,3103.84,41,'NazwaProduktu229','Opis produktu: NazwaProduktu229',10),(230,341.558,38,'NazwaProduktu230','Opis produktu: NazwaProduktu230',17),(231,3508.33,10,'NazwaProduktu231','Opis produktu: NazwaProduktu231',5),(232,2588.33,3,'NazwaProduktu232','Opis produktu: NazwaProduktu232',15),(233,4171.27,45,'NazwaProduktu233','Opis produktu: NazwaProduktu233',10),(234,4776.16,53,'NazwaProduktu234','Opis produktu: NazwaProduktu234',8),(235,2572.64,23,'NazwaProduktu235','Opis produktu: NazwaProduktu235',4),(236,4245.64,39,'NazwaProduktu236','Opis produktu: NazwaProduktu236',3),(237,364.25,33,'NazwaProduktu237','Opis produktu: NazwaProduktu237',6),(238,3270.81,6,'NazwaProduktu238','Opis produktu: NazwaProduktu238',10),(239,569.907,18,'NazwaProduktu239','Opis produktu: NazwaProduktu239',4),(240,571.558,30,'NazwaProduktu240','Opis produktu: NazwaProduktu240',17),(241,315.587,43,'NazwaProduktu241','Opis produktu: NazwaProduktu241',3),(242,3681.04,12,'NazwaProduktu242','Opis produktu: NazwaProduktu242',8),(243,938.948,34,'NazwaProduktu243','Opis produktu: NazwaProduktu243',19),(244,3979.72,46,'NazwaProduktu244','Opis produktu: NazwaProduktu244',9),(245,3817.6,6,'NazwaProduktu245','Opis produktu: NazwaProduktu245',7),(246,3278.46,46,'NazwaProduktu246','Opis produktu: NazwaProduktu246',2),(247,4386.03,58,'NazwaProduktu247','Opis produktu: NazwaProduktu247',19),(248,2088.01,17,'NazwaProduktu248','Opis produktu: NazwaProduktu248',13),(249,1671.99,29,'NazwaProduktu249','Opis produktu: NazwaProduktu249',4),(250,1283.61,21,'NazwaProduktu250','Opis produktu: NazwaProduktu250',17),(251,2616.71,42,'NazwaProduktu251','Opis produktu: NazwaProduktu251',1),(252,802.867,19,'NazwaProduktu252','Opis produktu: NazwaProduktu252',12),(253,560.378,56,'NazwaProduktu253','Opis produktu: NazwaProduktu253',18),(254,371.545,21,'NazwaProduktu254','Opis produktu: NazwaProduktu254',7),(255,4052.9,54,'NazwaProduktu255','Opis produktu: NazwaProduktu255',20),(256,3387.23,18,'NazwaProduktu256','Opis produktu: NazwaProduktu256',5),(257,1597.09,18,'NazwaProduktu257','Opis produktu: NazwaProduktu257',6),(258,4099.91,41,'NazwaProduktu258','Opis produktu: NazwaProduktu258',1),(259,863.08,47,'NazwaProduktu259','Opis produktu: NazwaProduktu259',14),(260,614.319,51,'NazwaProduktu260','Opis produktu: NazwaProduktu260',17),(261,3491.86,24,'NazwaProduktu261','Opis produktu: NazwaProduktu261',13),(262,3002.17,38,'NazwaProduktu262','Opis produktu: NazwaProduktu262',20),(263,2911.97,43,'NazwaProduktu263','Opis produktu: NazwaProduktu263',1),(264,2879.32,14,'NazwaProduktu264','Opis produktu: NazwaProduktu264',2),(265,340.583,54,'NazwaProduktu265','Opis produktu: NazwaProduktu265',15),(266,2726.74,9,'NazwaProduktu266','Opis produktu: NazwaProduktu266',9),(267,2553.71,35,'NazwaProduktu267','Opis produktu: NazwaProduktu267',3),(268,3781.31,4,'NazwaProduktu268','Opis produktu: NazwaProduktu268',7),(269,3885.62,20,'NazwaProduktu269','Opis produktu: NazwaProduktu269',5),(270,198.507,0,'NazwaProduktu270','Opis produktu: NazwaProduktu270',11),(271,1424.58,36,'NazwaProduktu271','Opis produktu: NazwaProduktu271',16),(272,1714.29,17,'NazwaProduktu272','Opis produktu: NazwaProduktu272',2),(273,1185.18,35,'NazwaProduktu273','Opis produktu: NazwaProduktu273',6),(274,3951.79,23,'NazwaProduktu274','Opis produktu: NazwaProduktu274',4),(275,3425.85,27,'NazwaProduktu275','Opis produktu: NazwaProduktu275',1),(276,1489.55,41,'NazwaProduktu276','Opis produktu: NazwaProduktu276',12),(277,4102.69,30,'NazwaProduktu277','Opis produktu: NazwaProduktu277',6),(278,3325,9,'NazwaProduktu278','Opis produktu: NazwaProduktu278',1),(279,4299.09,6,'NazwaProduktu279','Opis produktu: NazwaProduktu279',10),(280,2260.37,41,'NazwaProduktu280','Opis produktu: NazwaProduktu280',13),(281,4255.98,4,'NazwaProduktu281','Opis produktu: NazwaProduktu281',5),(282,4782.78,22,'NazwaProduktu282','Opis produktu: NazwaProduktu282',19),(283,2336.34,41,'NazwaProduktu283','Opis produktu: NazwaProduktu283',13),(284,3354.43,3,'NazwaProduktu284','Opis produktu: NazwaProduktu284',12),(285,3220.15,28,'NazwaProduktu285','Opis produktu: NazwaProduktu285',15),(286,1656.81,8,'NazwaProduktu286','Opis produktu: NazwaProduktu286',15),(287,4829.66,26,'NazwaProduktu287','Opis produktu: NazwaProduktu287',1),(288,1342.11,40,'NazwaProduktu288','Opis produktu: NazwaProduktu288',6),(289,2038.22,28,'NazwaProduktu289','Opis produktu: NazwaProduktu289',18),(290,3792.78,57,'NazwaProduktu290','Opis produktu: NazwaProduktu290',1),(291,3453.72,18,'NazwaProduktu291','Opis produktu: NazwaProduktu291',2),(292,4336.14,10,'NazwaProduktu292','Opis produktu: NazwaProduktu292',15),(293,2885.09,43,'NazwaProduktu293','Opis produktu: NazwaProduktu293',12),(294,3998.36,20,'NazwaProduktu294','Opis produktu: NazwaProduktu294',6),(295,2358.83,20,'NazwaProduktu295','Opis produktu: NazwaProduktu295',19),(296,3321.02,26,'NazwaProduktu296','Opis produktu: NazwaProduktu296',2),(297,4821.94,38,'NazwaProduktu297','Opis produktu: NazwaProduktu297',11),(298,2614.26,13,'NazwaProduktu298','Opis produktu: NazwaProduktu298',3),(299,1002.87,12,'NazwaProduktu299','Opis produktu: NazwaProduktu299',3),(300,2110.61,59,'NazwaProduktu300','Opis produktu: NazwaProduktu300',11),(301,767.799,43,'NazwaProduktu301','Opis produktu: NazwaProduktu301',7),(302,1597.17,39,'NazwaProduktu302','Opis produktu: NazwaProduktu302',10),(303,3489.35,9,'NazwaProduktu303','Opis produktu: NazwaProduktu303',5),(304,2437.83,48,'NazwaProduktu304','Opis produktu: NazwaProduktu304',6),(305,1470.36,54,'NazwaProduktu305','Opis produktu: NazwaProduktu305',18),(306,155.965,52,'NazwaProduktu306','Opis produktu: NazwaProduktu306',12),(307,1095.03,28,'NazwaProduktu307','Opis produktu: NazwaProduktu307',6),(308,2825.97,1,'NazwaProduktu308','Opis produktu: NazwaProduktu308',1),(309,4487.91,48,'NazwaProduktu309','Opis produktu: NazwaProduktu309',20),(310,339.767,48,'NazwaProduktu310','Opis produktu: NazwaProduktu310',5),(311,4072.83,33,'NazwaProduktu311','Opis produktu: NazwaProduktu311',5),(312,4226.53,28,'NazwaProduktu312','Opis produktu: NazwaProduktu312',11),(313,982.475,13,'NazwaProduktu313','Opis produktu: NazwaProduktu313',18),(314,4206.37,39,'NazwaProduktu314','Opis produktu: NazwaProduktu314',5),(315,4347.98,43,'NazwaProduktu315','Opis produktu: NazwaProduktu315',18),(316,3501.2,33,'NazwaProduktu316','Opis produktu: NazwaProduktu316',14),(317,4886.99,17,'NazwaProduktu317','Opis produktu: NazwaProduktu317',17),(318,2911.16,22,'NazwaProduktu318','Opis produktu: NazwaProduktu318',12),(319,2121.78,20,'NazwaProduktu319','Opis produktu: NazwaProduktu319',13),(320,2349.77,44,'NazwaProduktu320','Opis produktu: NazwaProduktu320',4),(321,3470.69,3,'NazwaProduktu321','Opis produktu: NazwaProduktu321',16),(322,4542.75,26,'NazwaProduktu322','Opis produktu: NazwaProduktu322',17),(323,1339.6,31,'NazwaProduktu323','Opis produktu: NazwaProduktu323',3),(324,3241.44,26,'NazwaProduktu324','Opis produktu: NazwaProduktu324',14),(325,3940.52,51,'NazwaProduktu325','Opis produktu: NazwaProduktu325',4),(326,4048.52,7,'NazwaProduktu326','Opis produktu: NazwaProduktu326',7),(327,1658.39,51,'NazwaProduktu327','Opis produktu: NazwaProduktu327',18),(328,4772.21,51,'NazwaProduktu328','Opis produktu: NazwaProduktu328',16),(329,183.721,43,'NazwaProduktu329','Opis produktu: NazwaProduktu329',16),(330,3416.11,31,'NazwaProduktu330','Opis produktu: NazwaProduktu330',20),(331,527.61,6,'NazwaProduktu331','Opis produktu: NazwaProduktu331',5),(332,2987.22,57,'NazwaProduktu332','Opis produktu: NazwaProduktu332',5),(333,4558.31,29,'NazwaProduktu333','Opis produktu: NazwaProduktu333',12),(334,4360.23,18,'NazwaProduktu334','Opis produktu: NazwaProduktu334',3),(335,4073.53,47,'NazwaProduktu335','Opis produktu: NazwaProduktu335',3),(336,1924.92,32,'NazwaProduktu336','Opis produktu: NazwaProduktu336',12),(337,1253.44,16,'NazwaProduktu337','Opis produktu: NazwaProduktu337',11),(338,3448,43,'NazwaProduktu338','Opis produktu: NazwaProduktu338',2),(339,91.5887,56,'NazwaProduktu339','Opis produktu: NazwaProduktu339',9),(340,4623.06,3,'NazwaProduktu340','Opis produktu: NazwaProduktu340',1),(341,1883.87,57,'NazwaProduktu341','Opis produktu: NazwaProduktu341',12),(342,363.793,42,'NazwaProduktu342','Opis produktu: NazwaProduktu342',14),(343,1851.74,47,'NazwaProduktu343','Opis produktu: NazwaProduktu343',16),(344,4257.26,43,'NazwaProduktu344','Opis produktu: NazwaProduktu344',2),(345,1859.04,48,'NazwaProduktu345','Opis produktu: NazwaProduktu345',3),(346,4414.04,58,'NazwaProduktu346','Opis produktu: NazwaProduktu346',20),(347,1136.83,56,'NazwaProduktu347','Opis produktu: NazwaProduktu347',5),(348,4985.71,43,'NazwaProduktu348','Opis produktu: NazwaProduktu348',8),(349,3562.09,4,'NazwaProduktu349','Opis produktu: NazwaProduktu349',5),(350,394.488,38,'NazwaProduktu350','Opis produktu: NazwaProduktu350',4),(351,4520.12,56,'NazwaProduktu351','Opis produktu: NazwaProduktu351',16),(352,2510.84,38,'NazwaProduktu352','Opis produktu: NazwaProduktu352',10),(353,2426.77,55,'NazwaProduktu353','Opis produktu: NazwaProduktu353',6),(354,4214.31,47,'NazwaProduktu354','Opis produktu: NazwaProduktu354',16),(355,4969.58,38,'NazwaProduktu355','Opis produktu: NazwaProduktu355',20),(356,3613.22,5,'NazwaProduktu356','Opis produktu: NazwaProduktu356',9),(357,4790.11,39,'NazwaProduktu357','Opis produktu: NazwaProduktu357',15),(358,2919.5,52,'NazwaProduktu358','Opis produktu: NazwaProduktu358',2),(359,3427.05,52,'NazwaProduktu359','Opis produktu: NazwaProduktu359',4),(360,968.729,17,'NazwaProduktu360','Opis produktu: NazwaProduktu360',11),(361,1457.27,27,'NazwaProduktu361','Opis produktu: NazwaProduktu361',15),(362,487.257,57,'NazwaProduktu362','Opis produktu: NazwaProduktu362',8),(363,1598.59,36,'NazwaProduktu363','Opis produktu: NazwaProduktu363',15),(364,4983.28,34,'NazwaProduktu364','Opis produktu: NazwaProduktu364',14),(365,2728.24,43,'NazwaProduktu365','Opis produktu: NazwaProduktu365',1),(366,470.977,26,'NazwaProduktu366','Opis produktu: NazwaProduktu366',14),(367,355.508,57,'NazwaProduktu367','Opis produktu: NazwaProduktu367',14),(368,2058.52,0,'NazwaProduktu368','Opis produktu: NazwaProduktu368',13),(369,452.032,25,'NazwaProduktu369','Opis produktu: NazwaProduktu369',12),(370,2822.32,17,'NazwaProduktu370','Opis produktu: NazwaProduktu370',6),(371,285.649,28,'NazwaProduktu371','Opis produktu: NazwaProduktu371',11),(372,1481.24,2,'NazwaProduktu372','Opis produktu: NazwaProduktu372',15),(373,4137.1,31,'NazwaProduktu373','Opis produktu: NazwaProduktu373',2),(374,3973.22,44,'NazwaProduktu374','Opis produktu: NazwaProduktu374',4),(375,181.938,8,'NazwaProduktu375','Opis produktu: NazwaProduktu375',20),(376,4816.15,52,'NazwaProduktu376','Opis produktu: NazwaProduktu376',19),(377,4293.46,21,'NazwaProduktu377','Opis produktu: NazwaProduktu377',11),(378,1384.01,41,'NazwaProduktu378','Opis produktu: NazwaProduktu378',7),(379,893.964,51,'NazwaProduktu379','Opis produktu: NazwaProduktu379',17),(380,2409.12,6,'NazwaProduktu380','Opis produktu: NazwaProduktu380',16),(381,4833.15,51,'NazwaProduktu381','Opis produktu: NazwaProduktu381',17),(382,3646.21,33,'NazwaProduktu382','Opis produktu: NazwaProduktu382',1),(383,4643.87,47,'NazwaProduktu383','Opis produktu: NazwaProduktu383',6),(384,4991.02,42,'NazwaProduktu384','Opis produktu: NazwaProduktu384',12),(385,2273.62,0,'NazwaProduktu385','Opis produktu: NazwaProduktu385',18),(386,915.871,15,'NazwaProduktu386','Opis produktu: NazwaProduktu386',15),(387,1857.85,26,'NazwaProduktu387','Opis produktu: NazwaProduktu387',13),(388,2062.48,12,'NazwaProduktu388','Opis produktu: NazwaProduktu388',9),(389,4738.24,12,'NazwaProduktu389','Opis produktu: NazwaProduktu389',19),(390,3859.1,54,'NazwaProduktu390','Opis produktu: NazwaProduktu390',1),(391,2886.69,33,'NazwaProduktu391','Opis produktu: NazwaProduktu391',12),(392,922.424,41,'NazwaProduktu392','Opis produktu: NazwaProduktu392',1),(393,4758.46,8,'NazwaProduktu393','Opis produktu: NazwaProduktu393',12),(394,4670.06,37,'NazwaProduktu394','Opis produktu: NazwaProduktu394',1),(395,1958.16,19,'NazwaProduktu395','Opis produktu: NazwaProduktu395',9),(396,1131.7,34,'NazwaProduktu396','Opis produktu: NazwaProduktu396',19),(397,2991.53,32,'NazwaProduktu397','Opis produktu: NazwaProduktu397',20),(398,440.065,7,'NazwaProduktu398','Opis produktu: NazwaProduktu398',11),(399,4767.06,46,'NazwaProduktu399','Opis produktu: NazwaProduktu399',2),(400,1764.8,56,'NazwaProduktu400','Opis produktu: NazwaProduktu400',16),(401,3293.75,48,'NazwaProduktu401','Opis produktu: NazwaProduktu401',14),(402,650.537,0,'NazwaProduktu402','Opis produktu: NazwaProduktu402',18),(403,3629.28,51,'NazwaProduktu403','Opis produktu: NazwaProduktu403',20),(404,591.818,56,'NazwaProduktu404','Opis produktu: NazwaProduktu404',11),(405,3712.53,5,'NazwaProduktu405','Opis produktu: NazwaProduktu405',3),(406,4824.35,54,'NazwaProduktu406','Opis produktu: NazwaProduktu406',14),(407,4958.42,5,'NazwaProduktu407','Opis produktu: NazwaProduktu407',7),(408,3185.97,9,'NazwaProduktu408','Opis produktu: NazwaProduktu408',6),(409,2650.31,32,'NazwaProduktu409','Opis produktu: NazwaProduktu409',19),(410,2777.65,14,'NazwaProduktu410','Opis produktu: NazwaProduktu410',11),(411,299.389,45,'NazwaProduktu411','Opis produktu: NazwaProduktu411',3),(412,683.952,54,'NazwaProduktu412','Opis produktu: NazwaProduktu412',8),(413,4622.37,9,'NazwaProduktu413','Opis produktu: NazwaProduktu413',15),(414,233.306,42,'NazwaProduktu414','Opis produktu: NazwaProduktu414',5),(415,4610.78,11,'NazwaProduktu415','Opis produktu: NazwaProduktu415',16),(416,275.164,53,'NazwaProduktu416','Opis produktu: NazwaProduktu416',8),(417,2075.85,58,'NazwaProduktu417','Opis produktu: NazwaProduktu417',1),(418,2184.74,28,'NazwaProduktu418','Opis produktu: NazwaProduktu418',13),(419,4239.73,44,'NazwaProduktu419','Opis produktu: NazwaProduktu419',16),(420,4653.89,19,'NazwaProduktu420','Opis produktu: NazwaProduktu420',12),(421,2792.82,29,'NazwaProduktu421','Opis produktu: NazwaProduktu421',11),(422,629.861,30,'NazwaProduktu422','Opis produktu: NazwaProduktu422',7),(423,2834.13,23,'NazwaProduktu423','Opis produktu: NazwaProduktu423',10),(424,3146.1,58,'NazwaProduktu424','Opis produktu: NazwaProduktu424',19),(425,4665.07,4,'NazwaProduktu425','Opis produktu: NazwaProduktu425',15),(426,3700.77,25,'NazwaProduktu426','Opis produktu: NazwaProduktu426',14),(427,4640.49,39,'NazwaProduktu427','Opis produktu: NazwaProduktu427',14),(428,2567.48,37,'NazwaProduktu428','Opis produktu: NazwaProduktu428',11),(429,4346.4,17,'NazwaProduktu429','Opis produktu: NazwaProduktu429',20),(430,3726.35,4,'NazwaProduktu430','Opis produktu: NazwaProduktu430',14),(431,2440.08,29,'NazwaProduktu431','Opis produktu: NazwaProduktu431',20),(432,2545.3,44,'NazwaProduktu432','Opis produktu: NazwaProduktu432',18),(433,3439.26,55,'NazwaProduktu433','Opis produktu: NazwaProduktu433',17),(434,4887.44,49,'NazwaProduktu434','Opis produktu: NazwaProduktu434',1),(435,3005.64,10,'NazwaProduktu435','Opis produktu: NazwaProduktu435',11),(436,4746.9,15,'NazwaProduktu436','Opis produktu: NazwaProduktu436',8),(437,2947.67,0,'NazwaProduktu437','Opis produktu: NazwaProduktu437',18),(438,4543.11,15,'NazwaProduktu438','Opis produktu: NazwaProduktu438',14),(439,3302.19,56,'NazwaProduktu439','Opis produktu: NazwaProduktu439',14),(440,657.36,50,'NazwaProduktu440','Opis produktu: NazwaProduktu440',2),(441,326.733,24,'NazwaProduktu441','Opis produktu: NazwaProduktu441',15),(442,4548,47,'NazwaProduktu442','Opis produktu: NazwaProduktu442',2),(443,4658.8,29,'NazwaProduktu443','Opis produktu: NazwaProduktu443',3),(444,2247.23,38,'NazwaProduktu444','Opis produktu: NazwaProduktu444',2),(445,385.878,35,'NazwaProduktu445','Opis produktu: NazwaProduktu445',7),(446,1205,14,'NazwaProduktu446','Opis produktu: NazwaProduktu446',1),(447,2315.97,58,'NazwaProduktu447','Opis produktu: NazwaProduktu447',16),(448,1351.7,30,'NazwaProduktu448','Opis produktu: NazwaProduktu448',8),(449,4848.67,36,'NazwaProduktu449','Opis produktu: NazwaProduktu449',11),(450,4588.24,57,'NazwaProduktu450','Opis produktu: NazwaProduktu450',18),(451,984.752,39,'NazwaProduktu451','Opis produktu: NazwaProduktu451',10),(452,3168.92,46,'NazwaProduktu452','Opis produktu: NazwaProduktu452',4),(453,1527.23,10,'NazwaProduktu453','Opis produktu: NazwaProduktu453',16),(454,4632.29,3,'NazwaProduktu454','Opis produktu: NazwaProduktu454',15),(455,1291.73,55,'NazwaProduktu455','Opis produktu: NazwaProduktu455',10),(456,4188.06,33,'NazwaProduktu456','Opis produktu: NazwaProduktu456',9),(457,2865.38,44,'NazwaProduktu457','Opis produktu: NazwaProduktu457',19),(458,3385.21,55,'NazwaProduktu458','Opis produktu: NazwaProduktu458',4),(459,2109.68,51,'NazwaProduktu459','Opis produktu: NazwaProduktu459',19),(460,3684.68,42,'NazwaProduktu460','Opis produktu: NazwaProduktu460',18),(461,317.356,33,'NazwaProduktu461','Opis produktu: NazwaProduktu461',14),(462,3623.43,41,'NazwaProduktu462','Opis produktu: NazwaProduktu462',3),(463,3185.13,39,'NazwaProduktu463','Opis produktu: NazwaProduktu463',18),(464,2702.88,33,'NazwaProduktu464','Opis produktu: NazwaProduktu464',7),(465,2243.22,1,'NazwaProduktu465','Opis produktu: NazwaProduktu465',5),(466,441.3,20,'NazwaProduktu466','Opis produktu: NazwaProduktu466',16),(467,4059.75,17,'NazwaProduktu467','Opis produktu: NazwaProduktu467',20),(468,1226.93,8,'NazwaProduktu468','Opis produktu: NazwaProduktu468',9),(469,3396.04,59,'NazwaProduktu469','Opis produktu: NazwaProduktu469',11),(470,1467.35,31,'NazwaProduktu470','Opis produktu: NazwaProduktu470',15),(471,2851.02,35,'NazwaProduktu471','Opis produktu: NazwaProduktu471',10),(472,4785.34,21,'NazwaProduktu472','Opis produktu: NazwaProduktu472',20),(473,1851.55,19,'NazwaProduktu473','Opis produktu: NazwaProduktu473',19),(474,1076.77,30,'NazwaProduktu474','Opis produktu: NazwaProduktu474',7),(475,2912.72,12,'NazwaProduktu475','Opis produktu: NazwaProduktu475',12),(476,4525.38,35,'NazwaProduktu476','Opis produktu: NazwaProduktu476',17),(477,3269.96,19,'NazwaProduktu477','Opis produktu: NazwaProduktu477',11),(478,4786.37,28,'NazwaProduktu478','Opis produktu: NazwaProduktu478',1),(479,1006.92,43,'NazwaProduktu479','Opis produktu: NazwaProduktu479',11),(480,1354.02,33,'NazwaProduktu480','Opis produktu: NazwaProduktu480',12),(481,2710.32,40,'NazwaProduktu481','Opis produktu: NazwaProduktu481',16),(482,1229.39,1,'NazwaProduktu482','Opis produktu: NazwaProduktu482',19),(483,1229.77,28,'NazwaProduktu483','Opis produktu: NazwaProduktu483',6),(484,987.982,16,'NazwaProduktu484','Opis produktu: NazwaProduktu484',11),(485,3775.8,16,'NazwaProduktu485','Opis produktu: NazwaProduktu485',1),(486,4639.4,30,'NazwaProduktu486','Opis produktu: NazwaProduktu486',7),(487,4328.79,8,'NazwaProduktu487','Opis produktu: NazwaProduktu487',20),(488,3983.63,37,'NazwaProduktu488','Opis produktu: NazwaProduktu488',6),(489,579.598,12,'NazwaProduktu489','Opis produktu: NazwaProduktu489',1),(490,1073.18,53,'NazwaProduktu490','Opis produktu: NazwaProduktu490',5),(491,4002.5,24,'NazwaProduktu491','Opis produktu: NazwaProduktu491',19),(492,1286.5,11,'NazwaProduktu492','Opis produktu: NazwaProduktu492',20),(493,1900.24,36,'NazwaProduktu493','Opis produktu: NazwaProduktu493',8),(494,4116.5,44,'NazwaProduktu494','Opis produktu: NazwaProduktu494',17),(495,539.433,57,'NazwaProduktu495','Opis produktu: NazwaProduktu495',9),(496,2756.62,5,'NazwaProduktu496','Opis produktu: NazwaProduktu496',19),(497,2664.69,1,'NazwaProduktu497','Opis produktu: NazwaProduktu497',13),(498,2188.06,49,'NazwaProduktu498','Opis produktu: NazwaProduktu498',5),(499,2526.52,3,'NazwaProduktu499','Opis produktu: NazwaProduktu499',20),(500,4056.45,55,'NazwaProduktu500','Opis produktu: NazwaProduktu500',15),(501,1751.28,35,'NazwaProduktu501','Opis produktu: NazwaProduktu501',3),(502,732.623,11,'NazwaProduktu502','Opis produktu: NazwaProduktu502',12),(503,4989.09,25,'NazwaProduktu503','Opis produktu: NazwaProduktu503',5),(504,2218.05,16,'NazwaProduktu504','Opis produktu: NazwaProduktu504',3),(505,2504.54,20,'NazwaProduktu505','Opis produktu: NazwaProduktu505',15),(506,1345.24,42,'NazwaProduktu506','Opis produktu: NazwaProduktu506',16),(507,4996.44,54,'NazwaProduktu507','Opis produktu: NazwaProduktu507',6),(508,152.605,9,'NazwaProduktu508','Opis produktu: NazwaProduktu508',17),(509,3733.6,37,'NazwaProduktu509','Opis produktu: NazwaProduktu509',17),(510,786.464,37,'NazwaProduktu510','Opis produktu: NazwaProduktu510',9),(511,4662.02,10,'NazwaProduktu511','Opis produktu: NazwaProduktu511',14),(512,1129.31,23,'NazwaProduktu512','Opis produktu: NazwaProduktu512',10),(513,1421.01,24,'NazwaProduktu513','Opis produktu: NazwaProduktu513',15),(514,4659.65,18,'NazwaProduktu514','Opis produktu: NazwaProduktu514',3),(515,2265.49,23,'NazwaProduktu515','Opis produktu: NazwaProduktu515',17),(516,1108.98,2,'NazwaProduktu516','Opis produktu: NazwaProduktu516',3),(517,4662.2,10,'NazwaProduktu517','Opis produktu: NazwaProduktu517',14),(518,1613.76,34,'NazwaProduktu518','Opis produktu: NazwaProduktu518',9),(519,1566.14,38,'NazwaProduktu519','Opis produktu: NazwaProduktu519',3),(520,525.318,38,'NazwaProduktu520','Opis produktu: NazwaProduktu520',19),(521,2248.56,28,'NazwaProduktu521','Opis produktu: NazwaProduktu521',5),(522,3909.05,34,'NazwaProduktu522','Opis produktu: NazwaProduktu522',13),(523,997.141,5,'NazwaProduktu523','Opis produktu: NazwaProduktu523',19),(524,241.955,46,'NazwaProduktu524','Opis produktu: NazwaProduktu524',17),(525,2725.94,35,'NazwaProduktu525','Opis produktu: NazwaProduktu525',13),(526,1218.9,10,'NazwaProduktu526','Opis produktu: NazwaProduktu526',10),(527,351.698,20,'NazwaProduktu527','Opis produktu: NazwaProduktu527',2),(528,4549.63,23,'NazwaProduktu528','Opis produktu: NazwaProduktu528',1),(529,1322.36,0,'NazwaProduktu529','Opis produktu: NazwaProduktu529',19),(530,2166.74,13,'NazwaProduktu530','Opis produktu: NazwaProduktu530',4),(531,4538.4,42,'NazwaProduktu531','Opis produktu: NazwaProduktu531',3),(532,2157.7,35,'NazwaProduktu532','Opis produktu: NazwaProduktu532',15),(533,4849.49,34,'NazwaProduktu533','Opis produktu: NazwaProduktu533',4),(534,3209.72,39,'NazwaProduktu534','Opis produktu: NazwaProduktu534',14),(535,4497.2,14,'NazwaProduktu535','Opis produktu: NazwaProduktu535',20),(536,4577.29,14,'NazwaProduktu536','Opis produktu: NazwaProduktu536',8),(537,2950.22,38,'NazwaProduktu537','Opis produktu: NazwaProduktu537',2),(538,3648.66,50,'NazwaProduktu538','Opis produktu: NazwaProduktu538',9),(539,4078.23,6,'NazwaProduktu539','Opis produktu: NazwaProduktu539',10),(540,2437.98,20,'NazwaProduktu540','Opis produktu: NazwaProduktu540',3),(541,3114.93,48,'NazwaProduktu541','Opis produktu: NazwaProduktu541',8),(542,3223.51,0,'NazwaProduktu542','Opis produktu: NazwaProduktu542',5),(543,1672.3,23,'NazwaProduktu543','Opis produktu: NazwaProduktu543',11),(544,4255.21,51,'NazwaProduktu544','Opis produktu: NazwaProduktu544',12),(545,1825.12,53,'NazwaProduktu545','Opis produktu: NazwaProduktu545',5),(546,2715.19,27,'NazwaProduktu546','Opis produktu: NazwaProduktu546',15),(547,4151.91,31,'NazwaProduktu547','Opis produktu: NazwaProduktu547',10),(548,3792.95,8,'NazwaProduktu548','Opis produktu: NazwaProduktu548',3),(549,1456.38,33,'NazwaProduktu549','Opis produktu: NazwaProduktu549',11),(550,1130.78,32,'NazwaProduktu550','Opis produktu: NazwaProduktu550',19),(551,1844.54,21,'NazwaProduktu551','Opis produktu: NazwaProduktu551',13),(552,1345.9,24,'NazwaProduktu552','Opis produktu: NazwaProduktu552',3),(553,2995.15,36,'NazwaProduktu553','Opis produktu: NazwaProduktu553',7),(554,4376.01,25,'NazwaProduktu554','Opis produktu: NazwaProduktu554',19),(555,2280.56,59,'NazwaProduktu555','Opis produktu: NazwaProduktu555',10),(556,3149.64,47,'NazwaProduktu556','Opis produktu: NazwaProduktu556',10),(557,3919.15,21,'NazwaProduktu557','Opis produktu: NazwaProduktu557',17),(558,1274.01,45,'NazwaProduktu558','Opis produktu: NazwaProduktu558',8),(559,1427.3,43,'NazwaProduktu559','Opis produktu: NazwaProduktu559',11),(560,1549.8,16,'NazwaProduktu560','Opis produktu: NazwaProduktu560',18),(561,1190.26,43,'NazwaProduktu561','Opis produktu: NazwaProduktu561',1),(562,3417.8,6,'NazwaProduktu562','Opis produktu: NazwaProduktu562',12),(563,2430.25,59,'NazwaProduktu563','Opis produktu: NazwaProduktu563',20),(564,864.337,18,'NazwaProduktu564','Opis produktu: NazwaProduktu564',2),(565,1262.29,11,'NazwaProduktu565','Opis produktu: NazwaProduktu565',16),(566,788.713,42,'NazwaProduktu566','Opis produktu: NazwaProduktu566',14),(567,3125.94,38,'NazwaProduktu567','Opis produktu: NazwaProduktu567',20),(568,4923.42,44,'NazwaProduktu568','Opis produktu: NazwaProduktu568',7),(569,1395.58,2,'NazwaProduktu569','Opis produktu: NazwaProduktu569',17),(570,1339.56,32,'NazwaProduktu570','Opis produktu: NazwaProduktu570',10),(571,1148.41,17,'NazwaProduktu571','Opis produktu: NazwaProduktu571',12),(572,3600.02,16,'NazwaProduktu572','Opis produktu: NazwaProduktu572',9),(573,3662.93,8,'NazwaProduktu573','Opis produktu: NazwaProduktu573',13),(574,3688.54,58,'NazwaProduktu574','Opis produktu: NazwaProduktu574',17),(575,4312.7,26,'NazwaProduktu575','Opis produktu: NazwaProduktu575',15),(576,1999.97,29,'NazwaProduktu576','Opis produktu: NazwaProduktu576',6),(577,683.992,36,'NazwaProduktu577','Opis produktu: NazwaProduktu577',14),(578,4745.37,4,'NazwaProduktu578','Opis produktu: NazwaProduktu578',18),(579,3576.23,49,'NazwaProduktu579','Opis produktu: NazwaProduktu579',18),(580,1339.09,14,'NazwaProduktu580','Opis produktu: NazwaProduktu580',15),(581,3763.35,52,'NazwaProduktu581','Opis produktu: NazwaProduktu581',13),(582,900.542,7,'NazwaProduktu582','Opis produktu: NazwaProduktu582',15),(583,1582.3,33,'NazwaProduktu583','Opis produktu: NazwaProduktu583',1),(584,4324.16,35,'NazwaProduktu584','Opis produktu: NazwaProduktu584',15),(585,2350.09,56,'NazwaProduktu585','Opis produktu: NazwaProduktu585',11),(586,616.628,20,'NazwaProduktu586','Opis produktu: NazwaProduktu586',3),(587,4142.86,2,'NazwaProduktu587','Opis produktu: NazwaProduktu587',13),(588,1505.14,52,'NazwaProduktu588','Opis produktu: NazwaProduktu588',13),(589,1171.7,38,'NazwaProduktu589','Opis produktu: NazwaProduktu589',9),(590,3736.82,1,'NazwaProduktu590','Opis produktu: NazwaProduktu590',16),(591,719.352,2,'NazwaProduktu591','Opis produktu: NazwaProduktu591',13),(592,2835.44,18,'NazwaProduktu592','Opis produktu: NazwaProduktu592',1),(593,2442.3,16,'NazwaProduktu593','Opis produktu: NazwaProduktu593',19),(594,2991.69,21,'NazwaProduktu594','Opis produktu: NazwaProduktu594',1),(595,3521.89,37,'NazwaProduktu595','Opis produktu: NazwaProduktu595',7),(596,4325.91,54,'NazwaProduktu596','Opis produktu: NazwaProduktu596',19),(597,1958.09,59,'NazwaProduktu597','Opis produktu: NazwaProduktu597',19),(598,504.834,1,'NazwaProduktu598','Opis produktu: NazwaProduktu598',6),(599,4598.37,17,'NazwaProduktu599','Opis produktu: NazwaProduktu599',7),(600,2273.01,56,'NazwaProduktu600','Opis produktu: NazwaProduktu600',20),(601,764.45,49,'NazwaProduktu601','Opis produktu: NazwaProduktu601',8),(602,2103.54,59,'NazwaProduktu602','Opis produktu: NazwaProduktu602',16),(603,4476.68,55,'NazwaProduktu603','Opis produktu: NazwaProduktu603',7),(604,3241.04,4,'NazwaProduktu604','Opis produktu: NazwaProduktu604',13),(605,4525.06,34,'NazwaProduktu605','Opis produktu: NazwaProduktu605',7),(606,2916.11,7,'NazwaProduktu606','Opis produktu: NazwaProduktu606',9),(607,1531.59,48,'NazwaProduktu607','Opis produktu: NazwaProduktu607',11),(608,715.511,57,'NazwaProduktu608','Opis produktu: NazwaProduktu608',6),(609,3400.88,55,'NazwaProduktu609','Opis produktu: NazwaProduktu609',18),(610,768.62,13,'NazwaProduktu610','Opis produktu: NazwaProduktu610',12),(611,4445.65,5,'NazwaProduktu611','Opis produktu: NazwaProduktu611',12),(612,2482.8,3,'NazwaProduktu612','Opis produktu: NazwaProduktu612',8),(613,1552.56,56,'NazwaProduktu613','Opis produktu: NazwaProduktu613',19),(614,882.836,28,'NazwaProduktu614','Opis produktu: NazwaProduktu614',18),(615,3298.61,10,'NazwaProduktu615','Opis produktu: NazwaProduktu615',19),(616,302.58,20,'NazwaProduktu616','Opis produktu: NazwaProduktu616',3),(617,1750.41,0,'NazwaProduktu617','Opis produktu: NazwaProduktu617',8),(618,4040.98,30,'NazwaProduktu618','Opis produktu: NazwaProduktu618',18),(619,2176.23,54,'NazwaProduktu619','Opis produktu: NazwaProduktu619',7),(620,865.496,39,'NazwaProduktu620','Opis produktu: NazwaProduktu620',16),(621,1517.04,59,'NazwaProduktu621','Opis produktu: NazwaProduktu621',12),(622,924.84,25,'NazwaProduktu622','Opis produktu: NazwaProduktu622',18),(623,570.169,37,'NazwaProduktu623','Opis produktu: NazwaProduktu623',17),(624,3282.88,44,'NazwaProduktu624','Opis produktu: NazwaProduktu624',3),(625,3939.29,24,'NazwaProduktu625','Opis produktu: NazwaProduktu625',15),(626,1612.34,23,'NazwaProduktu626','Opis produktu: NazwaProduktu626',12),(627,4399.79,2,'NazwaProduktu627','Opis produktu: NazwaProduktu627',17),(628,1290.62,56,'NazwaProduktu628','Opis produktu: NazwaProduktu628',14),(629,2561.06,9,'NazwaProduktu629','Opis produktu: NazwaProduktu629',19),(630,21.7168,3,'NazwaProduktu630','Opis produktu: NazwaProduktu630',15),(631,3539.71,0,'NazwaProduktu631','Opis produktu: NazwaProduktu631',19),(632,1687.71,40,'NazwaProduktu632','Opis produktu: NazwaProduktu632',2),(633,3393.81,49,'NazwaProduktu633','Opis produktu: NazwaProduktu633',15),(634,3279.02,26,'NazwaProduktu634','Opis produktu: NazwaProduktu634',19),(635,1438.3,7,'NazwaProduktu635','Opis produktu: NazwaProduktu635',16),(636,4581.9,2,'NazwaProduktu636','Opis produktu: NazwaProduktu636',6),(637,1191.16,53,'NazwaProduktu637','Opis produktu: NazwaProduktu637',6),(638,3085.45,46,'NazwaProduktu638','Opis produktu: NazwaProduktu638',9),(639,2522.77,27,'NazwaProduktu639','Opis produktu: NazwaProduktu639',9),(640,4180.87,28,'NazwaProduktu640','Opis produktu: NazwaProduktu640',10),(641,1147.61,55,'NazwaProduktu641','Opis produktu: NazwaProduktu641',12),(642,1022.54,57,'NazwaProduktu642','Opis produktu: NazwaProduktu642',2),(643,2723.62,26,'NazwaProduktu643','Opis produktu: NazwaProduktu643',18),(644,3933.25,25,'NazwaProduktu644','Opis produktu: NazwaProduktu644',4),(645,3505.11,43,'NazwaProduktu645','Opis produktu: NazwaProduktu645',5),(646,3501.81,55,'NazwaProduktu646','Opis produktu: NazwaProduktu646',20),(647,1819.21,9,'NazwaProduktu647','Opis produktu: NazwaProduktu647',12),(648,16.6386,42,'NazwaProduktu648','Opis produktu: NazwaProduktu648',15),(649,3307.29,7,'NazwaProduktu649','Opis produktu: NazwaProduktu649',7),(650,1729.06,42,'NazwaProduktu650','Opis produktu: NazwaProduktu650',7),(651,4586.94,26,'NazwaProduktu651','Opis produktu: NazwaProduktu651',1),(652,2526.31,21,'NazwaProduktu652','Opis produktu: NazwaProduktu652',2),(653,2319.25,7,'NazwaProduktu653','Opis produktu: NazwaProduktu653',10),(654,2236.72,10,'NazwaProduktu654','Opis produktu: NazwaProduktu654',11),(655,506.553,4,'NazwaProduktu655','Opis produktu: NazwaProduktu655',9),(656,2435.88,50,'NazwaProduktu656','Opis produktu: NazwaProduktu656',12),(657,2860.76,27,'NazwaProduktu657','Opis produktu: NazwaProduktu657',3),(658,2502.92,34,'NazwaProduktu658','Opis produktu: NazwaProduktu658',16),(659,3179.53,42,'NazwaProduktu659','Opis produktu: NazwaProduktu659',2),(660,1756.76,27,'NazwaProduktu660','Opis produktu: NazwaProduktu660',3),(661,4680.35,42,'NazwaProduktu661','Opis produktu: NazwaProduktu661',2),(662,1954.57,21,'NazwaProduktu662','Opis produktu: NazwaProduktu662',13),(663,827.476,57,'NazwaProduktu663','Opis produktu: NazwaProduktu663',7),(664,2432.08,56,'NazwaProduktu664','Opis produktu: NazwaProduktu664',14),(665,750.666,35,'NazwaProduktu665','Opis produktu: NazwaProduktu665',9),(666,705.345,47,'NazwaProduktu666','Opis produktu: NazwaProduktu666',9),(667,189.547,38,'NazwaProduktu667','Opis produktu: NazwaProduktu667',2),(668,952.55,24,'NazwaProduktu668','Opis produktu: NazwaProduktu668',20),(669,891.235,10,'NazwaProduktu669','Opis produktu: NazwaProduktu669',2),(670,3343.71,43,'NazwaProduktu670','Opis produktu: NazwaProduktu670',16),(671,3613.67,37,'NazwaProduktu671','Opis produktu: NazwaProduktu671',14),(672,3385.59,5,'NazwaProduktu672','Opis produktu: NazwaProduktu672',14),(673,4874.29,0,'NazwaProduktu673','Opis produktu: NazwaProduktu673',14),(674,3438.48,42,'NazwaProduktu674','Opis produktu: NazwaProduktu674',11),(675,2998.05,49,'NazwaProduktu675','Opis produktu: NazwaProduktu675',16),(676,1531.82,38,'NazwaProduktu676','Opis produktu: NazwaProduktu676',5),(677,3207.56,0,'NazwaProduktu677','Opis produktu: NazwaProduktu677',20),(678,1460.73,47,'NazwaProduktu678','Opis produktu: NazwaProduktu678',17),(679,651.681,9,'NazwaProduktu679','Opis produktu: NazwaProduktu679',2),(680,2852.13,2,'NazwaProduktu680','Opis produktu: NazwaProduktu680',6),(681,2344.57,19,'NazwaProduktu681','Opis produktu: NazwaProduktu681',8),(682,1101.88,2,'NazwaProduktu682','Opis produktu: NazwaProduktu682',10),(683,4128.93,23,'NazwaProduktu683','Opis produktu: NazwaProduktu683',3),(684,4198.95,10,'NazwaProduktu684','Opis produktu: NazwaProduktu684',3),(685,4962.19,7,'NazwaProduktu685','Opis produktu: NazwaProduktu685',7),(686,355.134,51,'NazwaProduktu686','Opis produktu: NazwaProduktu686',9),(687,1083.49,35,'NazwaProduktu687','Opis produktu: NazwaProduktu687',7),(688,4570.16,9,'NazwaProduktu688','Opis produktu: NazwaProduktu688',3),(689,4979.29,57,'NazwaProduktu689','Opis produktu: NazwaProduktu689',1),(690,1873.38,24,'NazwaProduktu690','Opis produktu: NazwaProduktu690',9),(691,2258.36,35,'NazwaProduktu691','Opis produktu: NazwaProduktu691',9),(692,2017.36,9,'NazwaProduktu692','Opis produktu: NazwaProduktu692',10),(693,3827.99,49,'NazwaProduktu693','Opis produktu: NazwaProduktu693',3),(694,4545.72,34,'NazwaProduktu694','Opis produktu: NazwaProduktu694',8),(695,2870.69,42,'NazwaProduktu695','Opis produktu: NazwaProduktu695',6),(696,1694.55,18,'NazwaProduktu696','Opis produktu: NazwaProduktu696',3),(697,660.965,43,'NazwaProduktu697','Opis produktu: NazwaProduktu697',4),(698,3604.98,13,'NazwaProduktu698','Opis produktu: NazwaProduktu698',9),(699,3720.01,8,'NazwaProduktu699','Opis produktu: NazwaProduktu699',18),(700,29.036,22,'NazwaProduktu700','Opis produktu: NazwaProduktu700',15),(701,1457.56,16,'NazwaProduktu701','Opis produktu: NazwaProduktu701',7),(702,1050.64,3,'NazwaProduktu702','Opis produktu: NazwaProduktu702',12),(703,945.169,33,'NazwaProduktu703','Opis produktu: NazwaProduktu703',3),(704,1247.54,56,'NazwaProduktu704','Opis produktu: NazwaProduktu704',15),(705,3728.78,45,'NazwaProduktu705','Opis produktu: NazwaProduktu705',14),(706,1518.26,11,'NazwaProduktu706','Opis produktu: NazwaProduktu706',20),(707,4293.94,10,'NazwaProduktu707','Opis produktu: NazwaProduktu707',19),(708,3539.12,50,'NazwaProduktu708','Opis produktu: NazwaProduktu708',14),(709,666.612,56,'NazwaProduktu709','Opis produktu: NazwaProduktu709',18),(710,647.445,12,'NazwaProduktu710','Opis produktu: NazwaProduktu710',13),(711,1042.08,10,'NazwaProduktu711','Opis produktu: NazwaProduktu711',2),(712,4911.01,30,'NazwaProduktu712','Opis produktu: NazwaProduktu712',1),(713,1202.67,26,'NazwaProduktu713','Opis produktu: NazwaProduktu713',10),(714,4391.72,1,'NazwaProduktu714','Opis produktu: NazwaProduktu714',16),(715,1140.42,16,'NazwaProduktu715','Opis produktu: NazwaProduktu715',4),(716,2191.37,6,'NazwaProduktu716','Opis produktu: NazwaProduktu716',19),(717,751.178,2,'NazwaProduktu717','Opis produktu: NazwaProduktu717',8),(718,1909.47,25,'NazwaProduktu718','Opis produktu: NazwaProduktu718',1),(719,2279.7,15,'NazwaProduktu719','Opis produktu: NazwaProduktu719',13),(720,2452.59,16,'NazwaProduktu720','Opis produktu: NazwaProduktu720',6),(721,3085.68,17,'NazwaProduktu721','Opis produktu: NazwaProduktu721',3),(722,3563.45,23,'NazwaProduktu722','Opis produktu: NazwaProduktu722',4),(723,4057.47,19,'NazwaProduktu723','Opis produktu: NazwaProduktu723',19),(724,573.656,4,'NazwaProduktu724','Opis produktu: NazwaProduktu724',7),(725,1414.03,18,'NazwaProduktu725','Opis produktu: NazwaProduktu725',15),(726,1186.02,43,'NazwaProduktu726','Opis produktu: NazwaProduktu726',19),(727,2318.51,58,'NazwaProduktu727','Opis produktu: NazwaProduktu727',2),(728,1374.26,24,'NazwaProduktu728','Opis produktu: NazwaProduktu728',6),(729,4568,13,'NazwaProduktu729','Opis produktu: NazwaProduktu729',18),(730,3010.04,36,'NazwaProduktu730','Opis produktu: NazwaProduktu730',8),(731,3764.15,48,'NazwaProduktu731','Opis produktu: NazwaProduktu731',19),(732,3333.25,26,'NazwaProduktu732','Opis produktu: NazwaProduktu732',11),(733,1137.61,35,'NazwaProduktu733','Opis produktu: NazwaProduktu733',6),(734,1244.35,14,'NazwaProduktu734','Opis produktu: NazwaProduktu734',19),(735,1452.53,47,'NazwaProduktu735','Opis produktu: NazwaProduktu735',15),(736,4778.62,53,'NazwaProduktu736','Opis produktu: NazwaProduktu736',17),(737,355.24,4,'NazwaProduktu737','Opis produktu: NazwaProduktu737',17),(738,119.417,52,'NazwaProduktu738','Opis produktu: NazwaProduktu738',8),(739,2620.89,28,'NazwaProduktu739','Opis produktu: NazwaProduktu739',15),(740,3558.96,7,'NazwaProduktu740','Opis produktu: NazwaProduktu740',3),(741,1660.26,1,'NazwaProduktu741','Opis produktu: NazwaProduktu741',17),(742,645.901,59,'NazwaProduktu742','Opis produktu: NazwaProduktu742',19),(743,1205.3,32,'NazwaProduktu743','Opis produktu: NazwaProduktu743',12),(744,3894.32,12,'NazwaProduktu744','Opis produktu: NazwaProduktu744',11),(745,1816.15,46,'NazwaProduktu745','Opis produktu: NazwaProduktu745',7),(746,394.17,59,'NazwaProduktu746','Opis produktu: NazwaProduktu746',4),(747,199.064,58,'NazwaProduktu747','Opis produktu: NazwaProduktu747',12),(748,2590.99,44,'NazwaProduktu748','Opis produktu: NazwaProduktu748',19),(749,1512.83,45,'NazwaProduktu749','Opis produktu: NazwaProduktu749',20),(750,122.707,35,'NazwaProduktu750','Opis produktu: NazwaProduktu750',18),(751,3943.55,18,'NazwaProduktu751','Opis produktu: NazwaProduktu751',5),(752,2283.57,19,'NazwaProduktu752','Opis produktu: NazwaProduktu752',10),(753,1049.53,37,'NazwaProduktu753','Opis produktu: NazwaProduktu753',9),(754,352.313,32,'NazwaProduktu754','Opis produktu: NazwaProduktu754',16),(755,2253.47,43,'NazwaProduktu755','Opis produktu: NazwaProduktu755',15),(756,2429.69,25,'NazwaProduktu756','Opis produktu: NazwaProduktu756',3),(757,3326.38,14,'NazwaProduktu757','Opis produktu: NazwaProduktu757',4),(758,1279.68,47,'NazwaProduktu758','Opis produktu: NazwaProduktu758',4),(759,2685.89,25,'NazwaProduktu759','Opis produktu: NazwaProduktu759',1),(760,437.181,13,'NazwaProduktu760','Opis produktu: NazwaProduktu760',15),(761,2306.87,21,'NazwaProduktu761','Opis produktu: NazwaProduktu761',19),(762,1211.84,4,'NazwaProduktu762','Opis produktu: NazwaProduktu762',8),(763,2070.75,27,'NazwaProduktu763','Opis produktu: NazwaProduktu763',10),(764,3483.09,58,'NazwaProduktu764','Opis produktu: NazwaProduktu764',1),(765,1865.37,36,'NazwaProduktu765','Opis produktu: NazwaProduktu765',14),(766,1834.5,19,'NazwaProduktu766','Opis produktu: NazwaProduktu766',2),(767,4652.91,0,'NazwaProduktu767','Opis produktu: NazwaProduktu767',1),(768,2194.91,25,'NazwaProduktu768','Opis produktu: NazwaProduktu768',12),(769,596.351,0,'NazwaProduktu769','Opis produktu: NazwaProduktu769',2),(770,1656.54,29,'NazwaProduktu770','Opis produktu: NazwaProduktu770',20),(771,2757.14,52,'NazwaProduktu771','Opis produktu: NazwaProduktu771',15),(772,581.773,11,'NazwaProduktu772','Opis produktu: NazwaProduktu772',20),(773,2423.97,39,'NazwaProduktu773','Opis produktu: NazwaProduktu773',1),(774,340.362,32,'NazwaProduktu774','Opis produktu: NazwaProduktu774',5),(775,3229.62,23,'NazwaProduktu775','Opis produktu: NazwaProduktu775',12),(776,3301.61,12,'NazwaProduktu776','Opis produktu: NazwaProduktu776',17),(777,4559.66,57,'NazwaProduktu777','Opis produktu: NazwaProduktu777',1),(778,996.254,24,'NazwaProduktu778','Opis produktu: NazwaProduktu778',3),(779,2891.24,53,'NazwaProduktu779','Opis produktu: NazwaProduktu779',16),(780,3957.27,22,'NazwaProduktu780','Opis produktu: NazwaProduktu780',1),(781,2415.43,47,'NazwaProduktu781','Opis produktu: NazwaProduktu781',15),(782,1920.15,46,'NazwaProduktu782','Opis produktu: NazwaProduktu782',2),(783,790.897,54,'NazwaProduktu783','Opis produktu: NazwaProduktu783',17),(784,2340.04,54,'NazwaProduktu784','Opis produktu: NazwaProduktu784',18),(785,1031.72,52,'NazwaProduktu785','Opis produktu: NazwaProduktu785',1),(786,4418.68,40,'NazwaProduktu786','Opis produktu: NazwaProduktu786',10),(787,992.527,30,'NazwaProduktu787','Opis produktu: NazwaProduktu787',18),(788,4269.72,36,'NazwaProduktu788','Opis produktu: NazwaProduktu788',1),(789,2595.83,28,'NazwaProduktu789','Opis produktu: NazwaProduktu789',20),(790,4965.96,19,'NazwaProduktu790','Opis produktu: NazwaProduktu790',10),(791,4412.77,56,'NazwaProduktu791','Opis produktu: NazwaProduktu791',13),(792,336.005,45,'NazwaProduktu792','Opis produktu: NazwaProduktu792',2),(793,1891.46,14,'NazwaProduktu793','Opis produktu: NazwaProduktu793',9),(794,4752.85,49,'NazwaProduktu794','Opis produktu: NazwaProduktu794',9),(795,1541.54,37,'NazwaProduktu795','Opis produktu: NazwaProduktu795',14),(796,1692.49,59,'NazwaProduktu796','Opis produktu: NazwaProduktu796',15),(797,3491.47,18,'NazwaProduktu797','Opis produktu: NazwaProduktu797',20),(798,2013.62,47,'NazwaProduktu798','Opis produktu: NazwaProduktu798',9),(799,2730.07,46,'NazwaProduktu799','Opis produktu: NazwaProduktu799',11),(800,2455.71,7,'NazwaProduktu800','Opis produktu: NazwaProduktu800',11);
/*!40000 ALTER TABLE `produkt` ENABLE KEYS */;
UNLOCK TABLES;

--
-- Table structure for table `test`
--

DROP TABLE IF EXISTS `test`;
/*!40101 SET @saved_cs_client     = @@character_set_client */;
/*!50503 SET character_set_client = utf8mb4 */;
CREATE TABLE `test` (
  `id` int NOT NULL,
  `settings` json NOT NULL,
  PRIMARY KEY (`id`)
) ENGINE=InnoDB DEFAULT CHARSET=utf8mb4 COLLATE=utf8mb4_0900_ai_ci;
/*!40101 SET character_set_client = @saved_cs_client */;

--
-- Dumping data for table `test`
--

LOCK TABLES `test` WRITE;
/*!40000 ALTER TABLE `test` DISABLE KEYS */;
INSERT INTO `test` VALUES (3,'{\"newFoo\": [10, 10, 10, 10]}');
/*!40000 ALTER TABLE `test` ENABLE KEYS */;
UNLOCK TABLES;

--
-- Table structure for table `zamowienie`
--

DROP TABLE IF EXISTS `zamowienie`;
/*!40101 SET @saved_cs_client     = @@character_set_client */;
/*!50503 SET character_set_client = utf8mb4 */;
CREATE TABLE `zamowienie` (
  `zamowienie_ID` int NOT NULL AUTO_INCREMENT,
  `klient_ID` int NOT NULL,
  `Data` date NOT NULL,
  `Stan` char(15) NOT NULL,
  `Platnosc` char(15) NOT NULL,
  `SposobDostawy` char(15) NOT NULL,
  `produkt_list` json NOT NULL,
  `Wartosc_zamowienia` int NOT NULL,
  PRIMARY KEY (`zamowienie_ID`),
  KEY `FKZamowienie880970` (`klient_ID`),
  CONSTRAINT `FKZamowienie880970` FOREIGN KEY (`klient_ID`) REFERENCES `klient` (`klient_ID`)
) ENGINE=InnoDB AUTO_INCREMENT=54 DEFAULT CHARSET=utf8mb4 COLLATE=utf8mb4_0900_ai_ci;
/*!40101 SET character_set_client = @saved_cs_client */;

--
-- Dumping data for table `zamowienie`
--

LOCK TABLES `zamowienie` WRITE;
/*!40000 ALTER TABLE `zamowienie` DISABLE KEYS */;
INSERT INTO `zamowienie` VALUES (46,1,'2021-01-17','gotowe','karta','dodomu','[1]',5000),(47,510,'2022-02-01','Zoono','Przelew','Paczkomat','[3, 6, 21]',55437),(48,510,'2022-02-01','Zoono','Przelew','Paczkomat','[32, 138, 122]',36113),(49,510,'2022-02-01','Zoono','Przelew','Paczkomat','[197, 137]',49590),(50,510,'2022-02-01','Zoono','Przelew','Paczkomat','[137]',1353),(51,512,'2022-02-01','Zoono','Przelew','Paczkomat','[138]',432),(52,510,'2022-02-01','Zoono','Przelew','Paczkomat','[14, 38, 97]',46409),(53,513,'2022-02-01','Zoono','Przelew','Paczkomat','[121, 102]',14872);
/*!40000 ALTER TABLE `zamowienie` ENABLE KEYS */;
UNLOCK TABLES;
/*!40103 SET TIME_ZONE=@OLD_TIME_ZONE */;

/*!40101 SET SQL_MODE=@OLD_SQL_MODE */;
/*!40014 SET FOREIGN_KEY_CHECKS=@OLD_FOREIGN_KEY_CHECKS */;
/*!40014 SET UNIQUE_CHECKS=@OLD_UNIQUE_CHECKS */;
/*!40101 SET CHARACTER_SET_CLIENT=@OLD_CHARACTER_SET_CLIENT */;
/*!40101 SET CHARACTER_SET_RESULTS=@OLD_CHARACTER_SET_RESULTS */;
/*!40101 SET COLLATION_CONNECTION=@OLD_COLLATION_CONNECTION */;
/*!40111 SET SQL_NOTES=@OLD_SQL_NOTES */;

-- Dump completed on 2022-02-01 17:21:58
